"DIM_PRODUCT_MASTER_KEY","PRODUCT_ID","MATERIAL_TYPE","MATERIAL_GROUP","BASE_UNIT_OF_MEASURE","PRODUCT_DESCRIPTION"
1,"BEER-001000","FERT","LAGER","CS","Brooklyn Lager - 24x12oz Case"
2,"BEER-001001","FERT","IPA","CS","Chicago IPA - 24x16oz Case"
3,"BEER-001002","FERT","STOUT","CS","Toronto Stout - 12x22oz Case"
4,"BEER-001003","FERT","PILSNER","KEG","NY Pilsner - 50L Keg"
5,"BEER-001004","FERT","ALE","KEG","Chicago Amber Ale - 50L Keg"
6,"BEER-001005","FERT","BEER","CS","Demo Beer Product #5"
7,"BEER-001006","FERT","BEER","CS","Demo Beer Product #6"
8,"BEER-001007","FERT","BEER","CS","Demo Beer Product #7"
9,"BEER-001008","FERT","BEER","CS","Demo Beer Product #8"
10,"BEER-001009","FERT","BEER","CS","Demo Beer Product #9"
11,"BEER-001010","FERT","BEER","CS","Demo Beer Product #10"
12,"BEER-001011","FERT","BEER","CS","Demo Beer Product #11"
13,"BEER-001012","FERT","BEER","CS","Demo Beer Product #12"
14,"BEER-001013","FERT","BEER","CS","Demo Beer Product #13"
15,"BEER-001014","FERT","BEER","CS","Demo Beer Product #14"
16,"BEER-001015","FERT","BEER","CS","Demo Beer Product #15"
17,"BEER-001016","FERT","BEER","CS","Demo Beer Product #16"
18,"BEER-001017","FERT","BEER","CS","Demo Beer Product #17"
19,"BEER-001018","FERT","BEER","CS","Demo Beer Product #18"
20,"BEER-001019","FERT","BEER","CS","Demo Beer Product #19"
21,"BEER-001020","FERT","BEER","CS","Demo Beer Product #20"
22,"BEER-001021","FERT","BEER","CS","Demo Beer Product #21"
23,"BEER-001022","FERT","BEER","CS","Demo Beer Product #22"
24,"BEER-001023","FERT","BEER","CS","Demo Beer Product #23"
25,"BEER-001024","FERT","BEER","CS","Demo Beer Product #24"
26,"BEER-001025","FERT","BEER","CS","Demo Beer Product #25"
27,"BEER-001026","FERT","BEER","CS","Demo Beer Product #26"
28,"BEER-001027","FERT","BEER","CS","Demo Beer Product #27"
29,"BEER-001028","FERT","BEER","CS","Demo Beer Product #28"
30,"BEER-001029","FERT","BEER","CS","Demo Beer Product #29"
31,"BEER-001030","FERT","BEER","CS","Demo Beer Product #30"
32,"BEER-001031","FERT","BEER","CS","Demo Beer Product #31"
33,"BEER-001032","FERT","BEER","CS","Demo Beer Product #32"
34,"BEER-001033","FERT","BEER","CS","Demo Beer Product #33"
35,"BEER-001034","FERT","BEER","CS","Demo Beer Product #34"
36,"BEER-001035","FERT","BEER","CS","Demo Beer Product #35"
37,"BEER-001036","FERT","BEER","CS","Demo Beer Product #36"
38,"BEER-001037","FERT","BEER","CS","Demo Beer Product #37"
39,"BEER-001038","FERT","BEER","CS","Demo Beer Product #38"
40,"BEER-001039","FERT","BEER","CS","Demo Beer Product #39"
41,"BEER-001040","FERT","BEER","CS","Demo Beer Product #40"
42,"BEER-001041","FERT","BEER","CS","Demo Beer Product #41"
43,"BEER-001042","FERT","BEER","CS","Demo Beer Product #42"
44,"BEER-001043","FERT","BEER","CS","Demo Beer Product #43"
45,"BEER-001044","FERT","BEER","CS","Demo Beer Product #44"
46,"BEER-001045","FERT","BEER","CS","Demo Beer Product #45"
47,"BEER-001046","FERT","BEER","CS","Demo Beer Product #46"
48,"BEER-001047","FERT","BEER","CS","Demo Beer Product #47"
49,"BEER-001048","FERT","BEER","CS","Demo Beer Product #48"
50,"BEER-001049","FERT","BEER","CS","Demo Beer Product #49"
51,"BEER-001050","FERT","BEER","CS","Demo Beer Product #50"
52,"BEER-001051","FERT","BEER","CS","Demo Beer Product #51"
53,"BEER-001052","FERT","BEER","CS","Demo Beer Product #52"
54,"BEER-001053","FERT","BEER","CS","Demo Beer Product #53"
55,"BEER-001054","FERT","BEER","CS","Demo Beer Product #54"
56,"BEER-001055","FERT","BEER","CS","Demo Beer Product #55"
57,"BEER-001056","FERT","BEER","CS","Demo Beer Product #56"
58,"BEER-001057","FERT","BEER","CS","Demo Beer Product #57"
59,"BEER-001058","FERT","BEER","CS","Demo Beer Product #58"
60,"BEER-001059","FERT","BEER","CS","Demo Beer Product #59"
61,"BEER-001060","FERT","BEER","CS","Demo Beer Product #60"
62,"BEER-001061","FERT","BEER","CS","Demo Beer Product #61"
63,"BEER-001062","FERT","BEER","CS","Demo Beer Product #62"
64,"BEER-001063","FERT","BEER","CS","Demo Beer Product #63"
65,"BEER-001064","FERT","BEER","CS","Demo Beer Product #64"
66,"BEER-001065","FERT","BEER","CS","Demo Beer Product #65"
67,"BEER-001066","FERT","BEER","CS","Demo Beer Product #66"
68,"BEER-001067","FERT","BEER","CS","Demo Beer Product #67"
69,"BEER-001068","FERT","BEER","CS","Demo Beer Product #68"
70,"BEER-001069","FERT","BEER","CS","Demo Beer Product #69"
71,"BEER-001070","FERT","BEER","CS","Demo Beer Product #70"
72,"BEER-001071","FERT","BEER","CS","Demo Beer Product #71"
73,"BEER-001072","FERT","BEER","CS","Demo Beer Product #72"
74,"BEER-001073","FERT","BEER","CS","Demo Beer Product #73"
75,"BEER-001074","FERT","BEER","CS","Demo Beer Product #74"
76,"BEER-001075","FERT","BEER","CS","Demo Beer Product #75"
77,"BEER-001076","FERT","BEER","CS","Demo Beer Product #76"
78,"BEER-001077","FERT","BEER","CS","Demo Beer Product #77"
79,"BEER-001078","FERT","BEER","CS","Demo Beer Product #78"
80,"BEER-001079","FERT","BEER","CS","Demo Beer Product #79"
81,"BEER-001080","FERT","BEER","CS","Demo Beer Product #80"
82,"BEER-001081","FERT","BEER","CS","Demo Beer Product #81"
83,"BEER-001082","FERT","BEER","CS","Demo Beer Product #82"
84,"BEER-001083","FERT","BEER","CS","Demo Beer Product #83"
85,"BEER-001084","FERT","BEER","CS","Demo Beer Product #84"
86,"BEER-001085","FERT","BEER","CS","Demo Beer Product #85"
87,"BEER-001086","FERT","BEER","CS","Demo Beer Product #86"
88,"BEER-001087","FERT","BEER","CS","Demo Beer Product #87"
89,"BEER-001088","FERT","BEER","CS","Demo Beer Product #88"
90,"BEER-001089","FERT","BEER","CS","Demo Beer Product #89"
91,"BEER-001090","FERT","BEER","CS","Demo Beer Product #90"
92,"BEER-001091","FERT","BEER","CS","Demo Beer Product #91"
93,"BEER-001092","FERT","BEER","CS","Demo Beer Product #92"
94,"BEER-001093","FERT","BEER","CS","Demo Beer Product #93"
95,"BEER-001094","FERT","BEER","CS","Demo Beer Product #94"
96,"BEER-001095","FERT","BEER","CS","Demo Beer Product #95"
97,"BEER-001096","FERT","BEER","CS","Demo Beer Product #96"
98,"BEER-001097","FERT","BEER","CS","Demo Beer Product #97"
99,"BEER-001098","FERT","BEER","CS","Demo Beer Product #98"
100,"BEER-001099","FERT","BEER","CS","Demo Beer Product #99"
