"SCENARIO_NAME","SCENARIO_BARLEY_PRICE","SCENARIO_HOPS_PRICE","PRODUCT_ID","PRODUCT_DESCRIPTION","BEER_STYLE","RETAIL_PRICE","BASELINE_COGS","SCENARIO_COGS","COGS_INCREASE_PCT","BASELINE_MARGIN_PCT","SCENARIO_MARGIN_PCT","MARGIN_EROSION_PCT","PRICING_ACTION","RECOMMENDED_PRICE"
"Baseline",5.50,4.20,"BEER-001000","Brooklyn Lager - 24x12oz Case","LAGER",32.75,21.73,21.73,0.0,33.7,33.7,0.0,"ABSORB",32.75
"Crisis (+50%)",8.25,6.30,"BEER-001000","Brooklyn Lager - 24x12oz Case","LAGER",32.75,21.73,25.22,16.1,33.7,23.0,10.7,"PARTIAL_PASS_THROUGH",34.85
"Moderate (+15%)",6.33,4.83,"BEER-001000","Brooklyn Lager - 24x12oz Case","LAGER",32.75,21.73,22.78,4.8,33.7,30.5,3.2,"ABSORB",32.75
"Extreme (+75%)",9.63,7.35,"BEER-001000","Brooklyn Lager - 24x12oz Case","LAGER",32.75,21.73,26.97,24.1,33.7,17.7,16.0,"FULL_REPRICE",37.21
"High Stress (+30%)",7.15,5.46,"BEER-001000","Brooklyn Lager - 24x12oz Case","LAGER",32.75,21.73,23.82,9.6,33.7,27.3,6.4,"PARTIAL_PASS_THROUGH",34.01
"Baseline",5.50,4.20,"BEER-001001","Chicago IPA - 24x16oz Case","IPA",45.93,25.26,25.26,0.0,45.0,45.0,0.0,"ABSORB",45.93
"Crisis (+50%)",8.25,6.30,"BEER-001001","Chicago IPA - 24x16oz Case","IPA",45.93,25.26,30.81,22.0,45.0,32.9,12.1,"FULL_REPRICE",50.65
"Moderate (+15%)",6.33,4.83,"BEER-001001","Chicago IPA - 24x16oz Case","IPA",45.93,25.26,26.93,6.6,45.0,41.4,3.6,"ABSORB",45.93
"Extreme (+75%)",9.63,7.35,"BEER-001001","Chicago IPA - 24x16oz Case","IPA",45.93,25.26,33.59,33.0,45.0,26.9,18.1,"FULL_REPRICE",53.01
"High Stress (+30%)",7.15,5.46,"BEER-001001","Chicago IPA - 24x16oz Case","IPA",45.93,25.26,28.59,13.2,45.0,37.8,7.3,"PARTIAL_PASS_THROUGH",47.93
"Baseline",5.50,4.20,"BEER-001002","Toronto Stout - 12x22oz Case","STOUT",40.47,25.27,25.27,0.0,37.6,37.6,0.0,"ABSORB",40.47
"Crisis (+50%)",8.25,6.30,"BEER-001002","Toronto Stout - 12x22oz Case","STOUT",40.47,25.27,29.31,16.0,37.6,27.6,10.0,"PARTIAL_PASS_THROUGH",42.89
"Moderate (+15%)",6.33,4.83,"BEER-001002","Toronto Stout - 12x22oz Case","STOUT",40.47,25.27,26.49,4.8,37.6,34.6,3.0,"ABSORB",40.47
"Extreme (+75%)",9.63,7.35,"BEER-001002","Toronto Stout - 12x22oz Case","STOUT",40.47,25.27,31.33,24.0,37.6,22.6,15.0,"FULL_REPRICE",45.62
"High Stress (+30%)",7.15,5.46,"BEER-001002","Toronto Stout - 12x22oz Case","STOUT",40.47,25.27,27.69,9.6,37.6,31.6,6.0,"PARTIAL_PASS_THROUGH",41.92
"Baseline",5.50,4.20,"BEER-001003","NY Pilsner - 50L Keg","PILSNER",146.99,87.80,87.80,0.0,40.3,40.3,0.0,"ABSORB",146.99
"Crisis (+50%)",8.25,6.30,"BEER-001003","NY Pilsner - 50L Keg","PILSNER",146.99,87.80,91.05,3.7,40.3,38.1,2.2,"ABSORB",146.99
"Moderate (+15%)",6.33,4.83,"BEER-001003","NY Pilsner - 50L Keg","PILSNER",146.99,87.80,88.78,1.1,40.3,39.6,0.7,"ABSORB",146.99
"Extreme (+75%)",9.63,7.35,"BEER-001003","NY Pilsner - 50L Keg","PILSNER",146.99,87.80,92.68,5.6,40.3,36.9,3.3,"ABSORB",146.99
"High Stress (+30%)",7.15,5.46,"BEER-001003","NY Pilsner - 50L Keg","PILSNER",146.99,87.80,89.75,2.2,40.3,38.9,1.3,"ABSORB",146.99
"Baseline",5.50,4.20,"BEER-001004","Chicago Amber Ale - 50L Keg","ALE",153.64,93.47,93.47,0.0,39.2,39.2,0.0,"ABSORB",153.64
"Crisis (+50%)",8.25,6.30,"BEER-001004","Chicago Amber Ale - 50L Keg","ALE",153.64,93.47,97.42,4.2,39.2,36.6,2.6,"ABSORB",153.64
"Moderate (+15%)",6.33,4.83,"BEER-001004","Chicago Amber Ale - 50L Keg","ALE",153.64,93.47,94.66,1.3,39.2,38.4,0.8,"ABSORB",153.64
"Extreme (+75%)",9.63,7.35,"BEER-001004","Chicago Amber Ale - 50L Keg","ALE",153.64,93.47,99.39,6.3,39.2,35.3,3.9,"ABSORB",153.64
"High Stress (+30%)",7.15,5.46,"BEER-001004","Chicago Amber Ale - 50L Keg","ALE",153.64,93.47,95.84,2.5,39.2,37.6,1.5,"ABSORB",153.64
"Baseline",5.50,4.20,"BEER-001005","Demo Beer Product #5","BEER",33.80,24.26,24.26,0.0,28.2,28.2,0.0,"ABSORB",33.80
"Crisis (+50%)",8.25,6.30,"BEER-001005","Demo Beer Product #5","BEER",33.80,24.26,28.09,15.8,28.2,16.9,11.3,"PARTIAL_PASS_THROUGH",36.10
"Moderate (+15%)",6.33,4.83,"BEER-001005","Demo Beer Product #5","BEER",33.80,24.26,25.42,4.7,28.2,24.8,3.4,"ABSORB",33.80
"Extreme (+75%)",9.63,7.35,"BEER-001005","Demo Beer Product #5","BEER",33.80,24.26,30.01,23.7,28.2,11.2,17.0,"FULL_REPRICE",38.68
"High Stress (+30%)",7.15,5.46,"BEER-001005","Demo Beer Product #5","BEER",33.80,24.26,26.56,9.5,28.2,21.4,6.8,"PARTIAL_PASS_THROUGH",35.18
"Baseline",5.50,4.20,"BEER-001006","Demo Beer Product #6","BEER",35.34,22.67,22.67,0.0,35.8,35.8,0.0,"ABSORB",35.34
"Crisis (+50%)",8.25,6.30,"BEER-001006","Demo Beer Product #6","BEER",35.34,22.67,25.92,14.3,35.8,26.6,9.2,"PARTIAL_PASS_THROUGH",37.29
"Moderate (+15%)",6.33,4.83,"BEER-001006","Demo Beer Product #6","BEER",35.34,22.67,23.65,4.3,35.8,33.1,2.8,"ABSORB",35.34
"Extreme (+75%)",9.63,7.35,"BEER-001006","Demo Beer Product #6","BEER",35.34,22.67,27.55,21.5,35.8,22.0,13.8,"FULL_REPRICE",39.49
"High Stress (+30%)",7.15,5.46,"BEER-001006","Demo Beer Product #6","BEER",35.34,22.67,24.62,8.6,35.8,30.3,5.5,"PARTIAL_PASS_THROUGH",36.51
"Baseline",5.50,4.20,"BEER-001007","Demo Beer Product #7","BEER",32.30,22.95,22.95,0.0,29.0,29.0,0.0,"ABSORB",32.30
"Crisis (+50%)",8.25,6.30,"BEER-001007","Demo Beer Product #7","BEER",32.30,22.95,26.47,15.3,29.0,18.1,10.9,"PARTIAL_PASS_THROUGH",34.41
"Moderate (+15%)",6.33,4.83,"BEER-001007","Demo Beer Product #7","BEER",32.30,22.95,24.01,4.6,29.0,25.7,3.3,"ABSORB",32.30
"Extreme (+75%)",9.63,7.35,"BEER-001007","Demo Beer Product #7","BEER",32.30,22.95,28.23,23.0,29.0,12.6,16.4,"FULL_REPRICE",36.79
"High Stress (+30%)",7.15,5.46,"BEER-001007","Demo Beer Product #7","BEER",32.30,22.95,25.06,9.2,29.0,22.4,6.5,"PARTIAL_PASS_THROUGH",33.57
"Baseline",5.50,4.20,"BEER-001008","Demo Beer Product #8","BEER",31.18,22.92,22.92,0.0,26.5,26.5,0.0,"ABSORB",31.18
"Crisis (+50%)",8.25,6.30,"BEER-001008","Demo Beer Product #8","BEER",31.18,22.92,26.06,13.7,26.5,16.4,10.1,"PARTIAL_PASS_THROUGH",33.06
"Moderate (+15%)",6.33,4.83,"BEER-001008","Demo Beer Product #8","BEER",31.18,22.92,23.87,4.1,26.5,23.5,3.0,"ABSORB",31.18
"Extreme (+75%)",9.63,7.35,"BEER-001008","Demo Beer Product #8","BEER",31.18,22.92,27.63,20.6,26.5,11.4,15.1,"FULL_REPRICE",35.19
"High Stress (+30%)",7.15,5.46,"BEER-001008","Demo Beer Product #8","BEER",31.18,22.92,24.80,8.2,26.5,20.4,6.0,"PARTIAL_PASS_THROUGH",32.31
"Baseline",5.50,4.20,"BEER-001009","Demo Beer Product #9","BEER",36.85,25.09,25.09,0.0,31.9,31.9,0.0,"ABSORB",36.85
"Crisis (+50%)",8.25,6.30,"BEER-001009","Demo Beer Product #9","BEER",36.85,25.09,29.23,16.5,31.9,20.7,11.2,"PARTIAL_PASS_THROUGH",39.33
"Moderate (+15%)",6.33,4.83,"BEER-001009","Demo Beer Product #9","BEER",36.85,25.09,26.34,5.0,31.9,28.5,3.4,"ABSORB",36.85
"Extreme (+75%)",9.63,7.35,"BEER-001009","Demo Beer Product #9","BEER",36.85,25.09,31.31,24.8,31.9,15.0,16.9,"FULL_REPRICE",42.13
"High Stress (+30%)",7.15,5.46,"BEER-001009","Demo Beer Product #9","BEER",36.85,25.09,27.58,9.9,31.9,25.2,6.7,"PARTIAL_PASS_THROUGH",38.34
"Baseline",5.50,4.20,"BEER-001010","Demo Beer Product #10","BEER",35.97,21.83,21.83,0.0,39.3,39.3,0.0,"ABSORB",35.97
"Crisis (+50%)",8.25,6.30,"BEER-001010","Demo Beer Product #10","BEER",35.97,21.83,25.61,17.3,39.3,28.8,10.5,"PARTIAL_PASS_THROUGH",38.24
"Moderate (+15%)",6.33,4.83,"BEER-001010","Demo Beer Product #10","BEER",35.97,21.83,22.97,5.2,39.3,36.1,3.2,"ABSORB",35.97
"Extreme (+75%)",9.63,7.35,"BEER-001010","Demo Beer Product #10","BEER",35.97,21.83,27.51,26.0,39.3,23.5,15.8,"FULL_REPRICE",40.79
"High Stress (+30%)",7.15,5.46,"BEER-001010","Demo Beer Product #10","BEER",35.97,21.83,24.10,10.4,39.3,33.0,6.3,"PARTIAL_PASS_THROUGH",37.33
"Baseline",5.50,4.20,"BEER-001011","Demo Beer Product #11","BEER",33.69,21.79,21.79,0.0,35.3,35.3,0.0,"ABSORB",33.69
"Crisis (+50%)",8.25,6.30,"BEER-001011","Demo Beer Product #11","BEER",33.69,21.79,25.56,17.3,35.3,24.1,11.2,"PARTIAL_PASS_THROUGH",35.95
"Moderate (+15%)",6.33,4.83,"BEER-001011","Demo Beer Product #11","BEER",33.69,21.79,22.93,5.2,35.3,31.9,3.4,"ABSORB",33.69
"Extreme (+75%)",9.63,7.35,"BEER-001011","Demo Beer Product #11","BEER",33.69,21.79,27.45,26.0,35.3,18.5,16.8,"FULL_REPRICE",38.50
"High Stress (+30%)",7.15,5.46,"BEER-001011","Demo Beer Product #11","BEER",33.69,21.79,24.05,10.4,35.3,28.6,6.7,"PARTIAL_PASS_THROUGH",35.05
"Baseline",5.50,4.20,"BEER-001012","Demo Beer Product #12","BEER",31.09,22.94,22.94,0.0,26.2,26.2,0.0,"ABSORB",31.09
"Crisis (+50%)",8.25,6.30,"BEER-001012","Demo Beer Product #12","BEER",31.09,22.94,27.21,18.7,26.2,12.5,13.8,"FULL_REPRICE",34.73
"Moderate (+15%)",6.33,4.83,"BEER-001012","Demo Beer Product #12","BEER",31.09,22.94,24.22,5.6,26.2,22.1,4.1,"ABSORB",31.09
"Extreme (+75%)",9.63,7.35,"BEER-001012","Demo Beer Product #12","BEER",31.09,22.94,29.36,28.0,26.2,5.6,20.7,"FULL_REPRICE",36.55
"High Stress (+30%)",7.15,5.46,"BEER-001012","Demo Beer Product #12","BEER",31.09,22.94,25.50,11.2,26.2,18.0,8.3,"PARTIAL_PASS_THROUGH",32.63
"Baseline",5.50,4.20,"BEER-001013","Demo Beer Product #13","BEER",31.29,22.99,22.99,0.0,26.5,26.5,0.0,"ABSORB",31.29
"Crisis (+50%)",8.25,6.30,"BEER-001013","Demo Beer Product #13","BEER",31.29,22.99,26.94,17.2,26.5,13.9,12.6,"PARTIAL_PASS_THROUGH",33.66
"Moderate (+15%)",6.33,4.83,"BEER-001013","Demo Beer Product #13","BEER",31.29,22.99,24.18,5.2,26.5,22.7,3.8,"ABSORB",31.29
"Extreme (+75%)",9.63,7.35,"BEER-001013","Demo Beer Product #13","BEER",31.29,22.99,28.92,25.8,26.5,7.6,18.9,"FULL_REPRICE",36.33
"High Stress (+30%)",7.15,5.46,"BEER-001013","Demo Beer Product #13","BEER",31.29,22.99,25.36,10.3,26.5,18.9,7.6,"PARTIAL_PASS_THROUGH",32.71
"Baseline",5.50,4.20,"BEER-001014","Demo Beer Product #14","BEER",34.69,22.95,22.95,0.0,33.8,33.8,0.0,"ABSORB",34.69
"Crisis (+50%)",8.25,6.30,"BEER-001014","Demo Beer Product #14","BEER",34.69,22.95,27.00,17.6,33.8,22.2,11.7,"PARTIAL_PASS_THROUGH",37.12
"Moderate (+15%)",6.33,4.83,"BEER-001014","Demo Beer Product #14","BEER",34.69,22.95,24.17,5.3,33.8,30.3,3.5,"ABSORB",34.69
"Extreme (+75%)",9.63,7.35,"BEER-001014","Demo Beer Product #14","BEER",34.69,22.95,29.02,26.4,33.8,16.3,17.5,"FULL_REPRICE",39.85
"High Stress (+30%)",7.15,5.46,"BEER-001014","Demo Beer Product #14","BEER",34.69,22.95,25.38,10.6,33.8,26.8,7.0,"PARTIAL_PASS_THROUGH",36.15
"Baseline",5.50,4.20,"BEER-001015","Demo Beer Product #15","BEER",31.05,23.14,23.14,0.0,25.5,25.5,0.0,"ABSORB",31.05
"Crisis (+50%)",8.25,6.30,"BEER-001015","Demo Beer Product #15","BEER",31.05,23.14,26.80,15.8,25.5,13.7,11.8,"PARTIAL_PASS_THROUGH",33.25
"Moderate (+15%)",6.33,4.83,"BEER-001015","Demo Beer Product #15","BEER",31.05,23.14,24.24,4.8,25.5,21.9,3.6,"ABSORB",31.05
"Extreme (+75%)",9.63,7.35,"BEER-001015","Demo Beer Product #15","BEER",31.05,23.14,28.63,23.8,25.5,7.8,17.7,"FULL_REPRICE",35.72
"High Stress (+30%)",7.15,5.46,"BEER-001015","Demo Beer Product #15","BEER",31.05,23.14,25.33,9.5,25.5,18.4,7.1,"PARTIAL_PASS_THROUGH",32.37
"Baseline",5.50,4.20,"BEER-001016","Demo Beer Product #16","BEER",32.91,21.73,21.73,0.0,34.0,34.0,0.0,"ABSORB",32.91
"Crisis (+50%)",8.25,6.30,"BEER-001016","Demo Beer Product #16","BEER",32.91,21.73,25.51,17.4,34.0,22.5,11.5,"PARTIAL_PASS_THROUGH",35.18
"Moderate (+15%)",6.33,4.83,"BEER-001016","Demo Beer Product #16","BEER",32.91,21.73,22.87,5.2,34.0,30.5,3.5,"ABSORB",32.91
"Extreme (+75%)",9.63,7.35,"BEER-001016","Demo Beer Product #16","BEER",32.91,21.73,27.41,26.1,34.0,16.7,17.2,"FULL_REPRICE",37.73
"High Stress (+30%)",7.15,5.46,"BEER-001016","Demo Beer Product #16","BEER",32.91,21.73,24.00,10.4,34.0,27.1,6.9,"PARTIAL_PASS_THROUGH",34.27
"Baseline",5.50,4.20,"BEER-001017","Demo Beer Product #17","BEER",36.52,22.75,22.75,0.0,37.7,37.7,0.0,"ABSORB",36.52
"Crisis (+50%)",8.25,6.30,"BEER-001017","Demo Beer Product #17","BEER",36.52,22.75,26.52,16.6,37.7,27.4,10.3,"PARTIAL_PASS_THROUGH",38.78
"Moderate (+15%)",6.33,4.83,"BEER-001017","Demo Beer Product #17","BEER",36.52,22.75,23.88,5.0,37.7,34.6,3.1,"ABSORB",36.52
"Extreme (+75%)",9.63,7.35,"BEER-001017","Demo Beer Product #17","BEER",36.52,22.75,28.40,24.9,37.7,22.2,15.5,"FULL_REPRICE",41.33
"High Stress (+30%)",7.15,5.46,"BEER-001017","Demo Beer Product #17","BEER",36.52,22.75,25.01,9.9,37.7,31.5,6.2,"PARTIAL_PASS_THROUGH",37.88
"Baseline",5.50,4.20,"BEER-001018","Demo Beer Product #18","BEER",32.73,24.04,24.04,0.0,26.6,26.6,0.0,"ABSORB",32.73
"Crisis (+50%)",8.25,6.30,"BEER-001018","Demo Beer Product #18","BEER",32.73,24.04,28.00,16.5,26.6,14.4,12.1,"PARTIAL_PASS_THROUGH",35.11
"Moderate (+15%)",6.33,4.83,"BEER-001018","Demo Beer Product #18","BEER",32.73,24.04,25.23,5.0,26.6,22.9,3.6,"ABSORB",32.73
"Extreme (+75%)",9.63,7.35,"BEER-001018","Demo Beer Product #18","BEER",32.73,24.04,29.99,24.8,26.6,8.4,18.2,"FULL_REPRICE",37.79
"High Stress (+30%)",7.15,5.46,"BEER-001018","Demo Beer Product #18","BEER",32.73,24.04,26.42,9.9,26.6,19.3,7.3,"PARTIAL_PASS_THROUGH",34.16
"Baseline",5.50,4.20,"BEER-001019","Demo Beer Product #19","BEER",33.77,24.25,24.25,0.0,28.2,28.2,0.0,"ABSORB",33.77
"Crisis (+50%)",8.25,6.30,"BEER-001019","Demo Beer Product #19","BEER",33.77,24.25,28.41,17.2,28.2,15.9,12.3,"PARTIAL_PASS_THROUGH",36.27
"Moderate (+15%)",6.33,4.83,"BEER-001019","Demo Beer Product #19","BEER",33.77,24.25,25.50,5.2,28.2,24.5,3.7,"ABSORB",33.77
"Extreme (+75%)",9.63,7.35,"BEER-001019","Demo Beer Product #19","BEER",33.77,24.25,30.50,25.8,28.2,9.7,18.5,"FULL_REPRICE",39.09
"High Stress (+30%)",7.15,5.46,"BEER-001019","Demo Beer Product #19","BEER",33.77,24.25,26.75,10.3,28.2,20.8,7.4,"PARTIAL_PASS_THROUGH",35.27
"Baseline",5.50,4.20,"BEER-001020","Demo Beer Product #20","BEER",31.64,24.46,24.46,0.0,22.7,22.7,0.0,"ABSORB",31.64
"Crisis (+50%)",8.25,6.30,"BEER-001020","Demo Beer Product #20","BEER",31.64,24.46,28.35,15.9,22.7,10.4,12.3,"PARTIAL_PASS_THROUGH",33.98
"Moderate (+15%)",6.33,4.83,"BEER-001020","Demo Beer Product #20","BEER",31.64,24.46,25.63,4.8,22.7,19.0,3.7,"ABSORB",31.64
"Extreme (+75%)",9.63,7.35,"BEER-001020","Demo Beer Product #20","BEER",31.64,24.46,30.31,23.9,22.7,4.2,18.5,"FULL_REPRICE",36.61
"High Stress (+30%)",7.15,5.46,"BEER-001020","Demo Beer Product #20","BEER",31.64,24.46,26.79,9.6,22.7,15.3,7.4,"PARTIAL_PASS_THROUGH",33.04
"Baseline",5.50,4.20,"BEER-001021","Demo Beer Product #21","BEER",36.42,22.08,22.08,0.0,39.4,39.4,0.0,"ABSORB",36.42
"Crisis (+50%)",8.25,6.30,"BEER-001021","Demo Beer Product #21","BEER",36.42,22.08,26.03,17.9,39.4,28.5,10.8,"PARTIAL_PASS_THROUGH",38.79
"Moderate (+15%)",6.33,4.83,"BEER-001021","Demo Beer Product #21","BEER",36.42,22.08,23.27,5.4,39.4,36.1,3.3,"ABSORB",36.42
"Extreme (+75%)",9.63,7.35,"BEER-001021","Demo Beer Product #21","BEER",36.42,22.08,28.00,26.8,39.4,23.1,16.3,"FULL_REPRICE",41.45
"High Stress (+30%)",7.15,5.46,"BEER-001021","Demo Beer Product #21","BEER",36.42,22.08,24.45,10.7,39.4,32.9,6.5,"PARTIAL_PASS_THROUGH",37.84
"Baseline",5.50,4.20,"BEER-001022","Demo Beer Product #22","BEER",37.90,22.45,22.45,0.0,40.8,40.8,0.0,"ABSORB",37.90
"Crisis (+50%)",8.25,6.30,"BEER-001022","Demo Beer Product #22","BEER",37.90,22.45,25.88,15.3,40.8,31.7,9.0,"PARTIAL_PASS_THROUGH",39.96
"Moderate (+15%)",6.33,4.83,"BEER-001022","Demo Beer Product #22","BEER",37.90,22.45,23.48,4.6,40.8,38.0,2.7,"ABSORB",37.90
"Extreme (+75%)",9.63,7.35,"BEER-001022","Demo Beer Product #22","BEER",37.90,22.45,27.60,22.9,40.8,27.2,13.6,"FULL_REPRICE",42.28
"High Stress (+30%)",7.15,5.46,"BEER-001022","Demo Beer Product #22","BEER",37.90,22.45,24.51,9.2,40.8,35.3,5.4,"PARTIAL_PASS_THROUGH",39.13
"Baseline",5.50,4.20,"BEER-001023","Demo Beer Product #23","BEER",35.18,22.63,22.63,0.0,35.7,35.7,0.0,"ABSORB",35.18
"Crisis (+50%)",8.25,6.30,"BEER-001023","Demo Beer Product #23","BEER",35.18,22.63,26.90,18.9,35.7,23.5,12.1,"FULL_REPRICE",38.81
"Moderate (+15%)",6.33,4.83,"BEER-001023","Demo Beer Product #23","BEER",35.18,22.63,23.92,5.7,35.7,32.0,3.7,"ABSORB",35.18
"Extreme (+75%)",9.63,7.35,"BEER-001023","Demo Beer Product #23","BEER",35.18,22.63,29.04,28.3,35.7,17.5,18.2,"FULL_REPRICE",40.63
"High Stress (+30%)",7.15,5.46,"BEER-001023","Demo Beer Product #23","BEER",35.18,22.63,25.19,11.3,35.7,28.4,7.3,"PARTIAL_PASS_THROUGH",36.72
"Baseline",5.50,4.20,"BEER-001024","Demo Beer Product #24","BEER",34.24,21.68,21.68,0.0,36.7,36.7,0.0,"ABSORB",34.24
"Crisis (+50%)",8.25,6.30,"BEER-001024","Demo Beer Product #24","BEER",34.24,21.68,25.15,16.0,36.7,26.6,10.1,"PARTIAL_PASS_THROUGH",36.32
"Moderate (+15%)",6.33,4.83,"BEER-001024","Demo Beer Product #24","BEER",34.24,21.68,22.72,4.8,36.7,33.6,3.1,"ABSORB",34.24
"Extreme (+75%)",9.63,7.35,"BEER-001024","Demo Beer Product #24","BEER",34.24,21.68,26.89,24.0,36.7,21.5,15.2,"FULL_REPRICE",38.67
"High Stress (+30%)",7.15,5.46,"BEER-001024","Demo Beer Product #24","BEER",34.24,21.68,23.76,9.6,36.7,30.6,6.1,"PARTIAL_PASS_THROUGH",35.49
"Baseline",5.50,4.20,"BEER-001025","Demo Beer Product #25","BEER",37.65,24.74,24.74,0.0,34.3,34.3,0.0,"ABSORB",37.65
"Crisis (+50%)",8.25,6.30,"BEER-001025","Demo Beer Product #25","BEER",37.65,24.74,28.69,16.0,34.3,23.8,10.5,"PARTIAL_PASS_THROUGH",40.02
"Moderate (+15%)",6.33,4.83,"BEER-001025","Demo Beer Product #25","BEER",37.65,24.74,25.93,4.8,34.3,31.1,3.2,"ABSORB",37.65
"Extreme (+75%)",9.63,7.35,"BEER-001025","Demo Beer Product #25","BEER",37.65,24.74,30.68,24.0,34.3,18.5,15.8,"FULL_REPRICE",42.70
"High Stress (+30%)",7.15,5.46,"BEER-001025","Demo Beer Product #25","BEER",37.65,24.74,27.11,9.6,34.3,28.0,6.3,"PARTIAL_PASS_THROUGH",39.07
"Baseline",5.50,4.20,"BEER-001026","Demo Beer Product #26","BEER",33.00,21.17,21.17,0.0,35.8,35.8,0.0,"ABSORB",33.00
"Crisis (+50%)",8.25,6.30,"BEER-001026","Demo Beer Product #26","BEER",33.00,21.17,24.58,16.1,35.8,25.5,10.3,"PARTIAL_PASS_THROUGH",35.04
"Moderate (+15%)",6.33,4.83,"BEER-001026","Demo Beer Product #26","BEER",33.00,21.17,22.20,4.8,35.8,32.7,3.1,"ABSORB",33.00
"Extreme (+75%)",9.63,7.35,"BEER-001026","Demo Beer Product #26","BEER",33.00,21.17,26.28,24.1,35.8,20.4,15.5,"FULL_REPRICE",37.34
"High Stress (+30%)",7.15,5.46,"BEER-001026","Demo Beer Product #26","BEER",33.00,21.17,23.22,9.6,35.8,29.7,6.2,"PARTIAL_PASS_THROUGH",34.22
"Baseline",5.50,4.20,"BEER-001027","Demo Beer Product #27","BEER",32.60,23.26,23.26,0.0,28.6,28.6,0.0,"ABSORB",32.60
"Crisis (+50%)",8.25,6.30,"BEER-001027","Demo Beer Product #27","BEER",32.60,23.26,27.12,16.6,28.6,16.8,11.8,"PARTIAL_PASS_THROUGH",34.91
"Moderate (+15%)",6.33,4.83,"BEER-001027","Demo Beer Product #27","BEER",32.60,23.26,24.42,5.0,28.6,25.1,3.6,"ABSORB",32.60
"Extreme (+75%)",9.63,7.35,"BEER-001027","Demo Beer Product #27","BEER",32.60,23.26,29.05,24.9,28.6,10.9,17.8,"FULL_REPRICE",37.52
"High Stress (+30%)",7.15,5.46,"BEER-001027","Demo Beer Product #27","BEER",32.60,23.26,25.58,9.9,28.6,21.5,7.1,"PARTIAL_PASS_THROUGH",33.99
"Baseline",5.50,4.20,"BEER-001028","Demo Beer Product #28","BEER",31.36,24.30,24.30,0.0,22.5,22.5,0.0,"ABSORB",31.36
"Crisis (+50%)",8.25,6.30,"BEER-001028","Demo Beer Product #28","BEER",31.36,24.30,27.97,15.1,22.5,10.8,11.7,"PARTIAL_PASS_THROUGH",33.56
"Moderate (+15%)",6.33,4.83,"BEER-001028","Demo Beer Product #28","BEER",31.36,24.30,25.41,4.5,22.5,19.0,3.5,"ABSORB",31.36
"Extreme (+75%)",9.63,7.35,"BEER-001028","Demo Beer Product #28","BEER",31.36,24.30,29.80,22.6,22.5,5.0,17.5,"FULL_REPRICE",36.04
"High Stress (+30%)",7.15,5.46,"BEER-001028","Demo Beer Product #28","BEER",31.36,24.30,26.50,9.1,22.5,15.5,7.0,"PARTIAL_PASS_THROUGH",32.68
"Baseline",5.50,4.20,"BEER-001029","Demo Beer Product #29","BEER",31.16,22.71,22.71,0.0,27.1,27.1,0.0,"ABSORB",31.16
"Crisis (+50%)",8.25,6.30,"BEER-001029","Demo Beer Product #29","BEER",31.16,22.71,26.14,15.1,27.1,16.1,11.0,"PARTIAL_PASS_THROUGH",33.22
"Moderate (+15%)",6.33,4.83,"BEER-001029","Demo Beer Product #29","BEER",31.16,22.71,23.74,4.6,27.1,23.8,3.3,"ABSORB",31.16
"Extreme (+75%)",9.63,7.35,"BEER-001029","Demo Beer Product #29","BEER",31.16,22.71,27.87,22.7,27.1,10.6,16.6,"FULL_REPRICE",35.55
"High Stress (+30%)",7.15,5.46,"BEER-001029","Demo Beer Product #29","BEER",31.16,22.71,24.77,9.1,27.1,20.5,6.6,"PARTIAL_PASS_THROUGH",32.40
"Baseline",5.50,4.20,"BEER-001030","Demo Beer Product #30","BEER",36.81,22.99,22.99,0.0,37.6,37.6,0.0,"ABSORB",36.81
"Crisis (+50%)",8.25,6.30,"BEER-001030","Demo Beer Product #30","BEER",36.81,22.99,26.43,15.0,37.6,28.2,9.4,"PARTIAL_PASS_THROUGH",38.88
"Moderate (+15%)",6.33,4.83,"BEER-001030","Demo Beer Product #30","BEER",36.81,22.99,24.02,4.5,37.6,34.7,2.8,"ABSORB",36.81
"Extreme (+75%)",9.63,7.35,"BEER-001030","Demo Beer Product #30","BEER",36.81,22.99,28.15,22.5,37.6,23.5,14.0,"FULL_REPRICE",41.20
"High Stress (+30%)",7.15,5.46,"BEER-001030","Demo Beer Product #30","BEER",36.81,22.99,25.05,9.0,37.6,31.9,5.6,"PARTIAL_PASS_THROUGH",38.05
"Baseline",5.50,4.20,"BEER-001031","Demo Beer Product #31","BEER",33.74,22.80,22.80,0.0,32.4,32.4,0.0,"ABSORB",33.74
"Crisis (+50%)",8.25,6.30,"BEER-001031","Demo Beer Product #31","BEER",33.74,22.80,26.41,15.9,32.4,21.7,10.7,"PARTIAL_PASS_THROUGH",35.91
"Moderate (+15%)",6.33,4.83,"BEER-001031","Demo Beer Product #31","BEER",33.74,22.80,23.89,4.8,32.4,29.2,3.2,"ABSORB",33.74
"Extreme (+75%)",9.63,7.35,"BEER-001031","Demo Beer Product #31","BEER",33.74,22.80,28.22,23.8,32.4,16.4,16.1,"FULL_REPRICE",38.35
"High Stress (+30%)",7.15,5.46,"BEER-001031","Demo Beer Product #31","BEER",33.74,22.80,24.97,9.5,32.4,26.0,6.4,"PARTIAL_PASS_THROUGH",35.04
"Baseline",5.50,4.20,"BEER-001032","Demo Beer Product #32","BEER",32.31,25.45,25.45,0.0,21.2,21.2,0.0,"ABSORB",32.31
"Crisis (+50%)",8.25,6.30,"BEER-001032","Demo Beer Product #32","BEER",32.31,25.45,29.64,16.5,21.2,8.3,13.0,"PARTIAL_PASS_THROUGH",34.82
"Moderate (+15%)",6.33,4.83,"BEER-001032","Demo Beer Product #32","BEER",32.31,25.45,26.71,5.0,21.2,17.3,3.9,"ABSORB",32.31
"Extreme (+75%)",9.63,7.35,"BEER-001032","Demo Beer Product #32","BEER",32.31,25.45,31.74,24.7,21.2,1.8,19.5,"FULL_REPRICE",37.65
"High Stress (+30%)",7.15,5.46,"BEER-001032","Demo Beer Product #32","BEER",32.31,25.45,27.96,9.9,21.2,13.5,7.8,"PARTIAL_PASS_THROUGH",33.82
"Baseline",5.50,4.20,"BEER-001033","Demo Beer Product #33","BEER",36.82,25.96,25.96,0.0,29.5,29.5,0.0,"ABSORB",36.82
"Crisis (+50%)",8.25,6.30,"BEER-001033","Demo Beer Product #33","BEER",36.82,25.96,30.28,16.6,29.5,17.8,11.7,"PARTIAL_PASS_THROUGH",39.41
"Moderate (+15%)",6.33,4.83,"BEER-001033","Demo Beer Product #33","BEER",36.82,25.96,27.26,5.0,29.5,26.0,3.5,"ABSORB",36.82
"Extreme (+75%)",9.63,7.35,"BEER-001033","Demo Beer Product #33","BEER",36.82,25.96,32.44,25.0,29.5,11.9,17.6,"FULL_REPRICE",42.33
"High Stress (+30%)",7.15,5.46,"BEER-001033","Demo Beer Product #33","BEER",36.82,25.96,28.55,10.0,29.5,22.5,7.0,"PARTIAL_PASS_THROUGH",38.37
"Baseline",5.50,4.20,"BEER-001034","Demo Beer Product #34","BEER",35.80,22.53,22.53,0.0,37.1,37.1,0.0,"ABSORB",35.80
"Crisis (+50%)",8.25,6.30,"BEER-001034","Demo Beer Product #34","BEER",35.80,22.53,26.74,18.7,37.1,25.3,11.8,"FULL_REPRICE",39.38
"Moderate (+15%)",6.33,4.83,"BEER-001034","Demo Beer Product #34","BEER",35.80,22.53,23.80,5.6,37.1,33.5,3.5,"ABSORB",35.80
"Extreme (+75%)",9.63,7.35,"BEER-001034","Demo Beer Product #34","BEER",35.80,22.53,28.85,28.0,37.1,19.4,17.6,"FULL_REPRICE",41.17
"High Stress (+30%)",7.15,5.46,"BEER-001034","Demo Beer Product #34","BEER",35.80,22.53,25.06,11.2,37.1,30.0,7.1,"PARTIAL_PASS_THROUGH",37.31
"Baseline",5.50,4.20,"BEER-001035","Demo Beer Product #35","BEER",35.04,23.31,23.31,0.0,33.5,33.5,0.0,"ABSORB",35.04
"Crisis (+50%)",8.25,6.30,"BEER-001035","Demo Beer Product #35","BEER",35.04,23.31,27.26,16.9,33.5,22.2,11.3,"PARTIAL_PASS_THROUGH",37.41
"Moderate (+15%)",6.33,4.83,"BEER-001035","Demo Beer Product #35","BEER",35.04,23.31,24.50,5.1,33.5,30.1,3.4,"ABSORB",35.04
"Extreme (+75%)",9.63,7.35,"BEER-001035","Demo Beer Product #35","BEER",35.04,23.31,29.24,25.4,33.5,16.6,16.9,"FULL_REPRICE",40.08
"High Stress (+30%)",7.15,5.46,"BEER-001035","Demo Beer Product #35","BEER",35.04,23.31,25.68,10.2,33.5,26.7,6.8,"PARTIAL_PASS_THROUGH",36.46
"Baseline",5.50,4.20,"BEER-001036","Demo Beer Product #36","BEER",32.29,22.57,22.57,0.0,30.1,30.1,0.0,"ABSORB",32.29
"Crisis (+50%)",8.25,6.30,"BEER-001036","Demo Beer Product #36","BEER",32.29,22.57,25.87,14.7,30.1,19.9,10.2,"PARTIAL_PASS_THROUGH",34.27
"Moderate (+15%)",6.33,4.83,"BEER-001036","Demo Beer Product #36","BEER",32.29,22.57,23.56,4.4,30.1,27.0,3.1,"ABSORB",32.29
"Extreme (+75%)",9.63,7.35,"BEER-001036","Demo Beer Product #36","BEER",32.29,22.57,27.53,22.0,30.1,14.7,15.4,"FULL_REPRICE",36.51
"High Stress (+30%)",7.15,5.46,"BEER-001036","Demo Beer Product #36","BEER",32.29,22.57,24.55,8.8,30.1,24.0,6.1,"PARTIAL_PASS_THROUGH",33.48
"Baseline",5.50,4.20,"BEER-001037","Demo Beer Product #37","BEER",33.74,25.32,25.32,0.0,24.9,24.9,0.0,"ABSORB",33.74
"Crisis (+50%)",8.25,6.30,"BEER-001037","Demo Beer Product #37","BEER",33.74,25.32,29.24,15.5,24.9,13.3,11.6,"PARTIAL_PASS_THROUGH",36.09
"Moderate (+15%)",6.33,4.83,"BEER-001037","Demo Beer Product #37","BEER",33.74,25.32,26.50,4.7,24.9,21.4,3.5,"ABSORB",33.74
"Extreme (+75%)",9.63,7.35,"BEER-001037","Demo Beer Product #37","BEER",33.74,25.32,31.21,23.2,24.9,7.5,17.4,"FULL_REPRICE",38.74
"High Stress (+30%)",7.15,5.46,"BEER-001037","Demo Beer Product #37","BEER",33.74,25.32,27.67,9.3,24.9,18.0,7.0,"PARTIAL_PASS_THROUGH",35.15
"Baseline",5.50,4.20,"BEER-001038","Demo Beer Product #38","BEER",31.06,21.50,21.50,0.0,30.8,30.8,0.0,"ABSORB",31.06
"Crisis (+50%)",8.25,6.30,"BEER-001038","Demo Beer Product #38","BEER",31.06,21.50,25.08,16.6,30.8,19.3,11.5,"PARTIAL_PASS_THROUGH",33.21
"Moderate (+15%)",6.33,4.83,"BEER-001038","Demo Beer Product #38","BEER",31.06,21.50,22.58,5.0,30.8,27.3,3.5,"ABSORB",31.06
"Extreme (+75%)",9.63,7.35,"BEER-001038","Demo Beer Product #38","BEER",31.06,21.50,26.87,25.0,30.8,13.5,17.3,"FULL_REPRICE",35.62
"High Stress (+30%)",7.15,5.46,"BEER-001038","Demo Beer Product #38","BEER",31.06,21.50,23.65,10.0,30.8,23.9,6.9,"PARTIAL_PASS_THROUGH",32.35
"Baseline",5.50,4.20,"BEER-001039","Demo Beer Product #39","BEER",36.54,23.60,23.60,0.0,35.4,35.4,0.0,"ABSORB",36.54
"Crisis (+50%)",8.25,6.30,"BEER-001039","Demo Beer Product #39","BEER",36.54,23.60,27.73,17.5,35.4,24.1,11.3,"PARTIAL_PASS_THROUGH",39.02
"Moderate (+15%)",6.33,4.83,"BEER-001039","Demo Beer Product #39","BEER",36.54,23.60,24.85,5.3,35.4,32.0,3.4,"ABSORB",36.54
"Extreme (+75%)",9.63,7.35,"BEER-001039","Demo Beer Product #39","BEER",36.54,23.60,29.80,26.3,35.4,18.4,17.0,"FULL_REPRICE",41.81
"High Stress (+30%)",7.15,5.46,"BEER-001039","Demo Beer Product #39","BEER",36.54,23.60,26.08,10.5,35.4,28.6,6.8,"PARTIAL_PASS_THROUGH",38.03
"Baseline",5.50,4.20,"BEER-001040","Demo Beer Product #40","BEER",34.75,22.66,22.66,0.0,34.8,34.8,0.0,"ABSORB",34.75
"Crisis (+50%)",8.25,6.30,"BEER-001040","Demo Beer Product #40","BEER",34.75,22.66,26.36,16.3,34.8,24.1,10.7,"PARTIAL_PASS_THROUGH",36.97
"Moderate (+15%)",6.33,4.83,"BEER-001040","Demo Beer Product #40","BEER",34.75,22.66,23.78,4.9,34.8,31.6,3.2,"ABSORB",34.75
"Extreme (+75%)",9.63,7.35,"BEER-001040","Demo Beer Product #40","BEER",34.75,22.66,28.22,24.5,34.8,18.8,16.0,"FULL_REPRICE",39.48
"High Stress (+30%)",7.15,5.46,"BEER-001040","Demo Beer Product #40","BEER",34.75,22.66,24.88,9.8,34.8,28.4,6.4,"PARTIAL_PASS_THROUGH",36.08
"Baseline",5.50,4.20,"BEER-001041","Demo Beer Product #41","BEER",36.42,24.91,24.91,0.0,31.6,31.6,0.0,"ABSORB",36.42
"Crisis (+50%)",8.25,6.30,"BEER-001041","Demo Beer Product #41","BEER",36.42,24.91,29.02,16.5,31.6,20.3,11.3,"PARTIAL_PASS_THROUGH",38.89
"Moderate (+15%)",6.33,4.83,"BEER-001041","Demo Beer Product #41","BEER",36.42,24.91,26.15,5.0,31.6,28.2,3.4,"ABSORB",36.42
"Extreme (+75%)",9.63,7.35,"BEER-001041","Demo Beer Product #41","BEER",36.42,24.91,31.08,24.8,31.6,14.7,16.9,"FULL_REPRICE",41.66
"High Stress (+30%)",7.15,5.46,"BEER-001041","Demo Beer Product #41","BEER",36.42,24.91,27.38,9.9,31.6,24.8,6.8,"PARTIAL_PASS_THROUGH",37.90
"Baseline",5.50,4.20,"BEER-001042","Demo Beer Product #42","BEER",35.80,21.55,21.55,0.0,39.8,39.8,0.0,"ABSORB",35.80
"Crisis (+50%)",8.25,6.30,"BEER-001042","Demo Beer Product #42","BEER",35.80,21.55,25.16,16.7,39.8,29.7,10.1,"PARTIAL_PASS_THROUGH",37.97
"Moderate (+15%)",6.33,4.83,"BEER-001042","Demo Beer Product #42","BEER",35.80,21.55,22.63,5.0,39.8,36.8,3.0,"ABSORB",35.80
"Extreme (+75%)",9.63,7.35,"BEER-001042","Demo Beer Product #42","BEER",35.80,21.55,26.96,25.1,39.8,24.7,15.1,"FULL_REPRICE",40.40
"High Stress (+30%)",7.15,5.46,"BEER-001042","Demo Beer Product #42","BEER",35.80,21.55,23.71,10.0,39.8,33.8,6.0,"PARTIAL_PASS_THROUGH",37.10
"Baseline",5.50,4.20,"BEER-001043","Demo Beer Product #43","BEER",35.90,22.11,22.11,0.0,38.4,38.4,0.0,"ABSORB",35.90
"Crisis (+50%)",8.25,6.30,"BEER-001043","Demo Beer Product #43","BEER",35.90,22.11,25.94,17.4,38.4,27.7,10.7,"PARTIAL_PASS_THROUGH",38.20
"Moderate (+15%)",6.33,4.83,"BEER-001043","Demo Beer Product #43","BEER",35.90,22.11,23.26,5.2,38.4,35.2,3.2,"ABSORB",35.90
"Extreme (+75%)",9.63,7.35,"BEER-001043","Demo Beer Product #43","BEER",35.90,22.11,27.87,26.1,38.4,22.4,16.0,"FULL_REPRICE",40.80
"High Stress (+30%)",7.15,5.46,"BEER-001043","Demo Beer Product #43","BEER",35.90,22.11,24.41,10.4,38.4,32.0,6.4,"PARTIAL_PASS_THROUGH",37.28
"Baseline",5.50,4.20,"BEER-001044","Demo Beer Product #44","BEER",32.42,21.24,21.24,0.0,34.5,34.5,0.0,"ABSORB",32.42
"Crisis (+50%)",8.25,6.30,"BEER-001044","Demo Beer Product #44","BEER",32.42,21.24,24.59,15.8,34.5,24.2,10.3,"PARTIAL_PASS_THROUGH",34.43
"Moderate (+15%)",6.33,4.83,"BEER-001044","Demo Beer Product #44","BEER",32.42,21.24,22.25,4.7,34.5,31.4,3.1,"ABSORB",32.42
"Extreme (+75%)",9.63,7.35,"BEER-001044","Demo Beer Product #44","BEER",32.42,21.24,26.26,23.7,34.5,19.0,15.5,"FULL_REPRICE",36.69
"High Stress (+30%)",7.15,5.46,"BEER-001044","Demo Beer Product #44","BEER",32.42,21.24,23.25,9.5,34.5,28.3,6.2,"PARTIAL_PASS_THROUGH",33.63
"Baseline",5.50,4.20,"BEER-001045","Demo Beer Product #45","BEER",37.29,25.09,25.09,0.0,32.7,32.7,0.0,"ABSORB",37.29
"Crisis (+50%)",8.25,6.30,"BEER-001045","Demo Beer Product #45","BEER",37.29,25.09,29.08,15.9,32.7,22.0,10.7,"PARTIAL_PASS_THROUGH",39.68
"Moderate (+15%)",6.33,4.83,"BEER-001045","Demo Beer Product #45","BEER",37.29,25.09,26.29,4.8,32.7,29.5,3.2,"ABSORB",37.29
"Extreme (+75%)",9.63,7.35,"BEER-001045","Demo Beer Product #45","BEER",37.29,25.09,31.07,23.8,32.7,16.7,16.0,"FULL_REPRICE",42.38
"High Stress (+30%)",7.15,5.46,"BEER-001045","Demo Beer Product #45","BEER",37.29,25.09,27.48,9.5,32.7,26.3,6.4,"PARTIAL_PASS_THROUGH",38.72
"Baseline",5.50,4.20,"BEER-001046","Demo Beer Product #46","BEER",37.87,22.64,22.64,0.0,40.2,40.2,0.0,"ABSORB",37.87
"Crisis (+50%)",8.25,6.30,"BEER-001046","Demo Beer Product #46","BEER",37.87,22.64,26.75,18.1,40.2,29.4,10.8,"FULL_REPRICE",41.36
"Moderate (+15%)",6.33,4.83,"BEER-001046","Demo Beer Product #46","BEER",37.87,22.64,23.88,5.5,40.2,36.9,3.3,"ABSORB",37.87
"Extreme (+75%)",9.63,7.35,"BEER-001046","Demo Beer Product #46","BEER",37.87,22.64,28.80,27.2,40.2,23.9,16.3,"FULL_REPRICE",43.10
"High Stress (+30%)",7.15,5.46,"BEER-001046","Demo Beer Product #46","BEER",37.87,22.64,25.11,10.9,40.2,33.7,6.5,"PARTIAL_PASS_THROUGH",39.35
"Baseline",5.50,4.20,"BEER-001047","Demo Beer Product #47","BEER",36.62,23.40,23.40,0.0,36.1,36.1,0.0,"ABSORB",36.62
"Crisis (+50%)",8.25,6.30,"BEER-001047","Demo Beer Product #47","BEER",36.62,23.40,27.24,16.4,36.1,25.6,10.5,"PARTIAL_PASS_THROUGH",38.93
"Moderate (+15%)",6.33,4.83,"BEER-001047","Demo Beer Product #47","BEER",36.62,23.40,24.55,4.9,36.1,33.0,3.2,"ABSORB",36.62
"Extreme (+75%)",9.63,7.35,"BEER-001047","Demo Beer Product #47","BEER",36.62,23.40,29.16,24.7,36.1,20.4,15.8,"FULL_REPRICE",41.52
"High Stress (+30%)",7.15,5.46,"BEER-001047","Demo Beer Product #47","BEER",36.62,23.40,25.70,9.9,36.1,29.8,6.3,"PARTIAL_PASS_THROUGH",38.00
"Baseline",5.50,4.20,"BEER-001048","Demo Beer Product #48","BEER",33.39,21.35,21.35,0.0,36.0,36.0,0.0,"ABSORB",33.39
"Crisis (+50%)",8.25,6.30,"BEER-001048","Demo Beer Product #48","BEER",33.39,21.35,24.92,16.7,36.0,25.4,10.7,"PARTIAL_PASS_THROUGH",35.53
"Moderate (+15%)",6.33,4.83,"BEER-001048","Demo Beer Product #48","BEER",33.39,21.35,22.43,5.0,36.0,32.8,3.2,"ABSORB",33.39
"Extreme (+75%)",9.63,7.35,"BEER-001048","Demo Beer Product #48","BEER",33.39,21.35,26.70,25.0,36.0,20.0,16.0,"FULL_REPRICE",37.94
"High Stress (+30%)",7.15,5.46,"BEER-001048","Demo Beer Product #48","BEER",33.39,21.35,23.49,10.0,36.0,29.6,6.4,"PARTIAL_PASS_THROUGH",34.67
"Baseline",5.50,4.20,"BEER-001049","Demo Beer Product #49","BEER",32.59,22.34,22.34,0.0,31.5,31.5,0.0,"ABSORB",32.59
"Crisis (+50%)",8.25,6.30,"BEER-001049","Demo Beer Product #49","BEER",32.59,22.34,26.02,16.5,31.5,20.2,11.3,"PARTIAL_PASS_THROUGH",34.80
"Moderate (+15%)",6.33,4.83,"BEER-001049","Demo Beer Product #49","BEER",32.59,22.34,23.45,5.0,31.5,28.1,3.4,"ABSORB",32.59
"Extreme (+75%)",9.63,7.35,"BEER-001049","Demo Beer Product #49","BEER",32.59,22.34,27.86,24.7,31.5,14.5,16.9,"FULL_REPRICE",37.28
"High Stress (+30%)",7.15,5.46,"BEER-001049","Demo Beer Product #49","BEER",32.59,22.34,24.55,9.9,31.5,24.7,6.8,"PARTIAL_PASS_THROUGH",33.91
"Baseline",5.50,4.20,"BEER-001050","Demo Beer Product #50","BEER",32.14,21.65,21.65,0.0,32.6,32.6,0.0,"ABSORB",32.14
"Crisis (+50%)",8.25,6.30,"BEER-001050","Demo Beer Product #50","BEER",32.14,21.65,25.05,15.7,32.6,22.1,10.6,"PARTIAL_PASS_THROUGH",34.18
"Moderate (+15%)",6.33,4.83,"BEER-001050","Demo Beer Product #50","BEER",32.14,21.65,22.67,4.7,32.6,29.5,3.2,"ABSORB",32.14
"Extreme (+75%)",9.63,7.35,"BEER-001050","Demo Beer Product #50","BEER",32.14,21.65,26.75,23.5,32.6,16.8,15.9,"FULL_REPRICE",36.47
"High Stress (+30%)",7.15,5.46,"BEER-001050","Demo Beer Product #50","BEER",32.14,21.65,23.69,9.4,32.6,26.3,6.3,"PARTIAL_PASS_THROUGH",33.36
"Baseline",5.50,4.20,"BEER-001051","Demo Beer Product #51","BEER",34.84,23.76,23.76,0.0,31.8,31.8,0.0,"ABSORB",34.84
"Crisis (+50%)",8.25,6.30,"BEER-001051","Demo Beer Product #51","BEER",34.84,23.76,27.42,15.4,31.8,21.3,10.5,"PARTIAL_PASS_THROUGH",37.03
"Moderate (+15%)",6.33,4.83,"BEER-001051","Demo Beer Product #51","BEER",34.84,23.76,24.86,4.6,31.8,28.6,3.2,"ABSORB",34.84
"Extreme (+75%)",9.63,7.35,"BEER-001051","Demo Beer Product #51","BEER",34.84,23.76,29.25,23.1,31.8,16.0,15.8,"FULL_REPRICE",39.51
"High Stress (+30%)",7.15,5.46,"BEER-001051","Demo Beer Product #51","BEER",34.84,23.76,25.96,9.2,31.8,25.5,6.3,"PARTIAL_PASS_THROUGH",36.16
"Baseline",5.50,4.20,"BEER-001052","Demo Beer Product #52","BEER",32.79,22.50,22.50,0.0,31.4,31.4,0.0,"ABSORB",32.79
"Crisis (+50%)",8.25,6.30,"BEER-001052","Demo Beer Product #52","BEER",32.79,22.50,26.38,17.2,31.4,19.6,11.8,"PARTIAL_PASS_THROUGH",35.12
"Moderate (+15%)",6.33,4.83,"BEER-001052","Demo Beer Product #52","BEER",32.79,22.50,23.66,5.2,31.4,27.8,3.6,"ABSORB",32.79
"Extreme (+75%)",9.63,7.35,"BEER-001052","Demo Beer Product #52","BEER",32.79,22.50,28.32,25.9,31.4,13.6,17.8,"FULL_REPRICE",37.74
"High Stress (+30%)",7.15,5.46,"BEER-001052","Demo Beer Product #52","BEER",32.79,22.50,24.82,10.3,31.4,24.3,7.1,"PARTIAL_PASS_THROUGH",34.19
"Baseline",5.50,4.20,"BEER-001053","Demo Beer Product #53","BEER",36.57,23.47,23.47,0.0,35.8,35.8,0.0,"ABSORB",36.57
"Crisis (+50%)",8.25,6.30,"BEER-001053","Demo Beer Product #53","BEER",36.57,23.47,27.36,16.6,35.8,25.2,10.6,"PARTIAL_PASS_THROUGH",38.90
"Moderate (+15%)",6.33,4.83,"BEER-001053","Demo Beer Product #53","BEER",36.57,23.47,24.64,5.0,35.8,32.6,3.2,"ABSORB",36.57
"Extreme (+75%)",9.63,7.35,"BEER-001053","Demo Beer Product #53","BEER",36.57,23.47,29.31,24.9,35.8,19.9,16.0,"FULL_REPRICE",41.53
"High Stress (+30%)",7.15,5.46,"BEER-001053","Demo Beer Product #53","BEER",36.57,23.47,25.80,9.9,35.8,29.4,6.4,"PARTIAL_PASS_THROUGH",37.97
"Baseline",5.50,4.20,"BEER-001054","Demo Beer Product #54","BEER",35.29,23.07,23.07,0.0,34.6,34.6,0.0,"ABSORB",35.29
"Crisis (+50%)",8.25,6.30,"BEER-001054","Demo Beer Product #54","BEER",35.29,23.07,27.10,17.4,34.6,23.2,11.4,"PARTIAL_PASS_THROUGH",37.71
"Moderate (+15%)",6.33,4.83,"BEER-001054","Demo Beer Product #54","BEER",35.29,23.07,24.28,5.3,34.6,31.2,3.4,"ABSORB",35.29
"Extreme (+75%)",9.63,7.35,"BEER-001054","Demo Beer Product #54","BEER",35.29,23.07,29.12,26.2,34.6,17.5,17.1,"FULL_REPRICE",40.43
"High Stress (+30%)",7.15,5.46,"BEER-001054","Demo Beer Product #54","BEER",35.29,23.07,25.49,10.5,34.6,27.8,6.8,"PARTIAL_PASS_THROUGH",36.74
"Baseline",5.50,4.20,"BEER-001055","Demo Beer Product #55","BEER",32.17,21.59,21.59,0.0,32.9,32.9,0.0,"ABSORB",32.17
"Crisis (+50%)",8.25,6.30,"BEER-001055","Demo Beer Product #55","BEER",32.17,21.59,25.07,16.1,32.9,22.1,10.8,"PARTIAL_PASS_THROUGH",34.26
"Moderate (+15%)",6.33,4.83,"BEER-001055","Demo Beer Product #55","BEER",32.17,21.59,22.64,4.9,32.9,29.6,3.3,"ABSORB",32.17
"Extreme (+75%)",9.63,7.35,"BEER-001055","Demo Beer Product #55","BEER",32.17,21.59,26.81,24.2,32.9,16.7,16.2,"FULL_REPRICE",36.61
"High Stress (+30%)",7.15,5.46,"BEER-001055","Demo Beer Product #55","BEER",32.17,21.59,23.68,9.7,32.9,26.4,6.5,"PARTIAL_PASS_THROUGH",33.42
"Baseline",5.50,4.20,"BEER-001056","Demo Beer Product #56","BEER",31.84,25.06,25.06,0.0,21.3,21.3,0.0,"ABSORB",31.84
"Crisis (+50%)",8.25,6.30,"BEER-001056","Demo Beer Product #56","BEER",31.84,25.06,29.28,16.8,21.3,8.1,13.2,"PARTIAL_PASS_THROUGH",34.37
"Moderate (+15%)",6.33,4.83,"BEER-001056","Demo Beer Product #56","BEER",31.84,25.06,26.33,5.1,21.3,17.3,4.0,"ABSORB",31.84
"Extreme (+75%)",9.63,7.35,"BEER-001056","Demo Beer Product #56","BEER",31.84,25.06,31.39,25.2,21.3,1.4,19.9,"FULL_REPRICE",37.22
"High Stress (+30%)",7.15,5.46,"BEER-001056","Demo Beer Product #56","BEER",31.84,25.06,27.59,10.1,21.3,13.4,7.9,"PARTIAL_PASS_THROUGH",33.36
"Baseline",5.50,4.20,"BEER-001057","Demo Beer Product #57","BEER",31.84,22.64,22.64,0.0,28.9,28.9,0.0,"ABSORB",31.84
"Crisis (+50%)",8.25,6.30,"BEER-001057","Demo Beer Product #57","BEER",31.84,22.64,26.40,16.6,28.9,17.1,11.8,"PARTIAL_PASS_THROUGH",34.10
"Moderate (+15%)",6.33,4.83,"BEER-001057","Demo Beer Product #57","BEER",31.84,22.64,23.77,5.0,28.9,25.4,3.6,"ABSORB",31.84
"Extreme (+75%)",9.63,7.35,"BEER-001057","Demo Beer Product #57","BEER",31.84,22.64,28.28,25.0,28.9,11.2,17.7,"FULL_REPRICE",36.64
"High Stress (+30%)",7.15,5.46,"BEER-001057","Demo Beer Product #57","BEER",31.84,22.64,24.89,10.0,28.9,21.8,7.1,"PARTIAL_PASS_THROUGH",33.19
"Baseline",5.50,4.20,"BEER-001058","Demo Beer Product #58","BEER",35.73,23.19,23.19,0.0,35.1,35.1,0.0,"ABSORB",35.73
"Crisis (+50%)",8.25,6.30,"BEER-001058","Demo Beer Product #58","BEER",35.73,23.19,26.98,16.3,35.1,24.5,10.6,"PARTIAL_PASS_THROUGH",38.00
"Moderate (+15%)",6.33,4.83,"BEER-001058","Demo Beer Product #58","BEER",35.73,23.19,24.33,4.9,35.1,31.9,3.2,"ABSORB",35.73
"Extreme (+75%)",9.63,7.35,"BEER-001058","Demo Beer Product #58","BEER",35.73,23.19,28.88,24.5,35.1,19.2,15.9,"FULL_REPRICE",40.57
"High Stress (+30%)",7.15,5.46,"BEER-001058","Demo Beer Product #58","BEER",35.73,23.19,25.46,9.8,35.1,28.7,6.4,"PARTIAL_PASS_THROUGH",37.09
"Baseline",5.50,4.20,"BEER-001059","Demo Beer Product #59","BEER",37.79,23.91,23.91,0.0,36.7,36.7,0.0,"ABSORB",37.79
"Crisis (+50%)",8.25,6.30,"BEER-001059","Demo Beer Product #59","BEER",37.79,23.91,27.42,14.7,36.7,27.4,9.3,"PARTIAL_PASS_THROUGH",39.89
"Moderate (+15%)",6.33,4.83,"BEER-001059","Demo Beer Product #59","BEER",37.79,23.91,24.97,4.4,36.7,33.9,2.8,"ABSORB",37.79
"Extreme (+75%)",9.63,7.35,"BEER-001059","Demo Beer Product #59","BEER",37.79,23.91,29.18,22.0,36.7,22.8,13.9,"FULL_REPRICE",42.26
"High Stress (+30%)",7.15,5.46,"BEER-001059","Demo Beer Product #59","BEER",37.79,23.91,26.02,8.8,36.7,31.2,5.6,"PARTIAL_PASS_THROUGH",39.05
"Baseline",5.50,4.20,"BEER-001060","Demo Beer Product #60","BEER",37.60,25.25,25.25,0.0,32.9,32.9,0.0,"ABSORB",37.60
"Crisis (+50%)",8.25,6.30,"BEER-001060","Demo Beer Product #60","BEER",37.60,25.25,29.49,16.8,32.9,21.6,11.3,"PARTIAL_PASS_THROUGH",40.15
"Moderate (+15%)",6.33,4.83,"BEER-001060","Demo Beer Product #60","BEER",37.60,25.25,26.53,5.1,32.9,29.5,3.4,"ABSORB",37.60
"Extreme (+75%)",9.63,7.35,"BEER-001060","Demo Beer Product #60","BEER",37.60,25.25,31.62,25.2,32.9,15.9,16.9,"FULL_REPRICE",43.02
"High Stress (+30%)",7.15,5.46,"BEER-001060","Demo Beer Product #60","BEER",37.60,25.25,27.79,10.1,32.9,26.1,6.8,"PARTIAL_PASS_THROUGH",39.13
"Baseline",5.50,4.20,"BEER-001061","Demo Beer Product #61","BEER",33.10,23.96,23.96,0.0,27.6,27.6,0.0,"ABSORB",33.10
"Crisis (+50%)",8.25,6.30,"BEER-001061","Demo Beer Product #61","BEER",33.10,23.96,27.59,15.1,27.6,16.7,11.0,"PARTIAL_PASS_THROUGH",35.28
"Moderate (+15%)",6.33,4.83,"BEER-001061","Demo Beer Product #61","BEER",33.10,23.96,25.05,4.6,27.6,24.3,3.3,"ABSORB",33.10
"Extreme (+75%)",9.63,7.35,"BEER-001061","Demo Beer Product #61","BEER",33.10,23.96,29.41,22.7,27.6,11.2,16.5,"FULL_REPRICE",37.73
"High Stress (+30%)",7.15,5.46,"BEER-001061","Demo Beer Product #61","BEER",33.10,23.96,26.14,9.1,27.6,21.0,6.6,"PARTIAL_PASS_THROUGH",34.41
"Baseline",5.50,4.20,"BEER-001062","Demo Beer Product #62","BEER",35.21,24.47,24.47,0.0,30.5,30.5,0.0,"ABSORB",35.21
"Crisis (+50%)",8.25,6.30,"BEER-001062","Demo Beer Product #62","BEER",35.21,24.47,28.42,16.2,30.5,19.3,11.2,"PARTIAL_PASS_THROUGH",37.58
"Moderate (+15%)",6.33,4.83,"BEER-001062","Demo Beer Product #62","BEER",35.21,24.47,25.66,4.9,30.5,27.1,3.4,"ABSORB",35.21
"Extreme (+75%)",9.63,7.35,"BEER-001062","Demo Beer Product #62","BEER",35.21,24.47,30.40,24.3,30.5,13.7,16.9,"FULL_REPRICE",40.25
"High Stress (+30%)",7.15,5.46,"BEER-001062","Demo Beer Product #62","BEER",35.21,24.47,26.84,9.7,30.5,23.8,6.7,"PARTIAL_PASS_THROUGH",36.63
"Baseline",5.50,4.20,"BEER-001063","Demo Beer Product #63","BEER",34.65,22.12,22.12,0.0,36.2,36.2,0.0,"ABSORB",34.65
"Crisis (+50%)",8.25,6.30,"BEER-001063","Demo Beer Product #63","BEER",34.65,22.12,26.12,18.1,36.2,24.6,11.5,"FULL_REPRICE",38.05
"Moderate (+15%)",6.33,4.83,"BEER-001063","Demo Beer Product #63","BEER",34.65,22.12,23.33,5.4,36.2,32.7,3.5,"ABSORB",34.65
"Extreme (+75%)",9.63,7.35,"BEER-001063","Demo Beer Product #63","BEER",34.65,22.12,28.12,27.1,36.2,18.8,17.3,"FULL_REPRICE",39.75
"High Stress (+30%)",7.15,5.46,"BEER-001063","Demo Beer Product #63","BEER",34.65,22.12,24.52,10.8,36.2,29.2,6.9,"PARTIAL_PASS_THROUGH",36.09
"Baseline",5.50,4.20,"BEER-001064","Demo Beer Product #64","BEER",35.27,24.42,24.42,0.0,30.8,30.8,0.0,"ABSORB",35.27
"Crisis (+50%)",8.25,6.30,"BEER-001064","Demo Beer Product #64","BEER",35.27,24.42,28.03,14.8,30.8,20.5,10.2,"PARTIAL_PASS_THROUGH",37.44
"Moderate (+15%)",6.33,4.83,"BEER-001064","Demo Beer Product #64","BEER",35.27,24.42,25.51,4.5,30.8,27.7,3.1,"ABSORB",35.27
"Extreme (+75%)",9.63,7.35,"BEER-001064","Demo Beer Product #64","BEER",35.27,24.42,29.84,22.2,30.8,15.4,15.4,"FULL_REPRICE",39.88
"High Stress (+30%)",7.15,5.46,"BEER-001064","Demo Beer Product #64","BEER",35.27,24.42,26.59,8.9,30.8,24.6,6.1,"PARTIAL_PASS_THROUGH",36.57
"Baseline",5.50,4.20,"BEER-001065","Demo Beer Product #65","BEER",37.05,23.67,23.67,0.0,36.1,36.1,0.0,"ABSORB",37.05
"Crisis (+50%)",8.25,6.30,"BEER-001065","Demo Beer Product #65","BEER",37.05,23.67,27.72,17.1,36.1,25.2,10.9,"PARTIAL_PASS_THROUGH",39.48
"Moderate (+15%)",6.33,4.83,"BEER-001065","Demo Beer Product #65","BEER",37.05,23.67,24.89,5.2,36.1,32.8,3.3,"ABSORB",37.05
"Extreme (+75%)",9.63,7.35,"BEER-001065","Demo Beer Product #65","BEER",37.05,23.67,29.75,25.7,36.1,19.7,16.4,"FULL_REPRICE",42.22
"High Stress (+30%)",7.15,5.46,"BEER-001065","Demo Beer Product #65","BEER",37.05,23.67,26.10,10.3,36.1,29.6,6.6,"PARTIAL_PASS_THROUGH",38.51
"Baseline",5.50,4.20,"BEER-001066","Demo Beer Product #66","BEER",37.73,21.85,21.85,0.0,42.1,42.1,0.0,"ABSORB",37.73
"Crisis (+50%)",8.25,6.30,"BEER-001066","Demo Beer Product #66","BEER",37.73,21.85,25.62,17.3,42.1,32.1,10.0,"PARTIAL_PASS_THROUGH",39.99
"Moderate (+15%)",6.33,4.83,"BEER-001066","Demo Beer Product #66","BEER",37.73,21.85,22.99,5.2,42.1,39.1,3.0,"ABSORB",37.73
"Extreme (+75%)",9.63,7.35,"BEER-001066","Demo Beer Product #66","BEER",37.73,21.85,27.51,25.9,42.1,27.1,15.0,"FULL_REPRICE",42.54
"High Stress (+30%)",7.15,5.46,"BEER-001066","Demo Beer Product #66","BEER",37.73,21.85,24.11,10.4,42.1,36.1,6.0,"PARTIAL_PASS_THROUGH",39.09
"Baseline",5.50,4.20,"BEER-001067","Demo Beer Product #67","BEER",31.84,21.68,21.68,0.0,31.9,31.9,0.0,"ABSORB",31.84
"Crisis (+50%)",8.25,6.30,"BEER-001067","Demo Beer Product #67","BEER",31.84,21.68,25.27,16.5,31.9,20.6,11.3,"PARTIAL_PASS_THROUGH",33.99
"Moderate (+15%)",6.33,4.83,"BEER-001067","Demo Beer Product #67","BEER",31.84,21.68,22.76,5.0,31.9,28.5,3.4,"ABSORB",31.84
"Extreme (+75%)",9.63,7.35,"BEER-001067","Demo Beer Product #67","BEER",31.84,21.68,27.07,24.8,31.9,15.0,16.9,"FULL_REPRICE",36.42
"High Stress (+30%)",7.15,5.46,"BEER-001067","Demo Beer Product #67","BEER",31.84,21.68,23.83,9.9,31.9,25.1,6.8,"PARTIAL_PASS_THROUGH",33.13
"Baseline",5.50,4.20,"BEER-001068","Demo Beer Product #68","BEER",32.74,24.19,24.19,0.0,26.1,26.1,0.0,"ABSORB",32.74
"Crisis (+50%)",8.25,6.30,"BEER-001068","Demo Beer Product #68","BEER",32.74,24.19,27.61,14.1,26.1,15.7,10.4,"PARTIAL_PASS_THROUGH",34.79
"Moderate (+15%)",6.33,4.83,"BEER-001068","Demo Beer Product #68","BEER",32.74,24.19,25.22,4.3,26.1,23.0,3.1,"ABSORB",32.74
"Extreme (+75%)",9.63,7.35,"BEER-001068","Demo Beer Product #68","BEER",32.74,24.19,29.32,21.2,26.1,10.4,15.7,"FULL_REPRICE",37.10
"High Stress (+30%)",7.15,5.46,"BEER-001068","Demo Beer Product #68","BEER",32.74,24.19,26.24,8.5,26.1,19.8,6.3,"PARTIAL_PASS_THROUGH",33.97
"Baseline",5.50,4.20,"BEER-001069","Demo Beer Product #69","BEER",35.12,24.88,24.88,0.0,29.2,29.2,0.0,"ABSORB",35.12
"Crisis (+50%)",8.25,6.30,"BEER-001069","Demo Beer Product #69","BEER",35.12,24.88,28.67,15.2,29.2,18.4,10.8,"PARTIAL_PASS_THROUGH",37.39
"Moderate (+15%)",6.33,4.83,"BEER-001069","Demo Beer Product #69","BEER",35.12,24.88,26.02,4.6,29.2,25.9,3.2,"ABSORB",35.12
"Extreme (+75%)",9.63,7.35,"BEER-001069","Demo Beer Product #69","BEER",35.12,24.88,30.56,22.8,29.2,13.0,16.2,"FULL_REPRICE",39.95
"High Stress (+30%)",7.15,5.46,"BEER-001069","Demo Beer Product #69","BEER",35.12,24.88,27.15,9.1,29.2,22.7,6.5,"PARTIAL_PASS_THROUGH",36.48
"Baseline",5.50,4.20,"BEER-001070","Demo Beer Product #70","BEER",34.35,22.79,22.79,0.0,33.7,33.7,0.0,"ABSORB",34.35
"Crisis (+50%)",8.25,6.30,"BEER-001070","Demo Beer Product #70","BEER",34.35,22.79,26.08,14.5,33.7,24.1,9.6,"PARTIAL_PASS_THROUGH",36.33
"Moderate (+15%)",6.33,4.83,"BEER-001070","Demo Beer Product #70","BEER",34.35,22.79,23.78,4.4,33.7,30.8,2.9,"ABSORB",34.35
"Extreme (+75%)",9.63,7.35,"BEER-001070","Demo Beer Product #70","BEER",34.35,22.79,27.73,21.7,33.7,19.3,14.4,"FULL_REPRICE",38.55
"High Stress (+30%)",7.15,5.46,"BEER-001070","Demo Beer Product #70","BEER",34.35,22.79,24.76,8.7,33.7,27.9,5.8,"PARTIAL_PASS_THROUGH",35.54
"Baseline",5.50,4.20,"BEER-001071","Demo Beer Product #71","BEER",35.41,22.81,22.81,0.0,35.6,35.6,0.0,"ABSORB",35.41
"Crisis (+50%)",8.25,6.30,"BEER-001071","Demo Beer Product #71","BEER",35.41,22.81,26.36,15.6,35.6,25.6,10.0,"PARTIAL_PASS_THROUGH",37.54
"Moderate (+15%)",6.33,4.83,"BEER-001071","Demo Beer Product #71","BEER",35.41,22.81,23.88,4.7,35.6,32.6,3.0,"ABSORB",35.41
"Extreme (+75%)",9.63,7.35,"BEER-001071","Demo Beer Product #71","BEER",35.41,22.81,28.14,23.4,35.6,20.5,15.1,"FULL_REPRICE",39.94
"High Stress (+30%)",7.15,5.46,"BEER-001071","Demo Beer Product #71","BEER",35.41,22.81,24.94,9.3,35.6,29.6,6.0,"PARTIAL_PASS_THROUGH",36.69
"Baseline",5.50,4.20,"BEER-001072","Demo Beer Product #72","BEER",36.59,23.92,23.92,0.0,34.6,34.6,0.0,"ABSORB",36.59
"Crisis (+50%)",8.25,6.30,"BEER-001072","Demo Beer Product #72","BEER",36.59,23.92,28.12,17.6,34.6,23.1,11.5,"PARTIAL_PASS_THROUGH",39.11
"Moderate (+15%)",6.33,4.83,"BEER-001072","Demo Beer Product #72","BEER",36.59,23.92,25.19,5.3,34.6,31.2,3.5,"ABSORB",36.59
"Extreme (+75%)",9.63,7.35,"BEER-001072","Demo Beer Product #72","BEER",36.59,23.92,30.23,26.4,34.6,17.4,17.2,"FULL_REPRICE",41.95
"High Stress (+30%)",7.15,5.46,"BEER-001072","Demo Beer Product #72","BEER",36.59,23.92,26.44,10.5,34.6,27.7,6.9,"PARTIAL_PASS_THROUGH",38.10
"Baseline",5.50,4.20,"BEER-001073","Demo Beer Product #73","BEER",33.28,22.27,22.27,0.0,33.1,33.1,0.0,"ABSORB",33.28
"Crisis (+50%)",8.25,6.30,"BEER-001073","Demo Beer Product #73","BEER",33.28,22.27,26.29,18.1,33.1,21.0,12.1,"FULL_REPRICE",36.70
"Moderate (+15%)",6.33,4.83,"BEER-001073","Demo Beer Product #73","BEER",33.28,22.27,23.48,5.4,33.1,29.5,3.6,"ABSORB",33.28
"Extreme (+75%)",9.63,7.35,"BEER-001073","Demo Beer Product #73","BEER",33.28,22.27,28.31,27.2,33.1,14.9,18.2,"FULL_REPRICE",38.42
"High Stress (+30%)",7.15,5.46,"BEER-001073","Demo Beer Product #73","BEER",33.28,22.27,24.68,10.9,33.1,25.8,7.3,"PARTIAL_PASS_THROUGH",34.73
"Baseline",5.50,4.20,"BEER-001074","Demo Beer Product #74","BEER",37.71,23.42,23.42,0.0,37.9,37.9,0.0,"ABSORB",37.71
"Crisis (+50%)",8.25,6.30,"BEER-001074","Demo Beer Product #74","BEER",37.71,23.42,26.67,13.9,37.9,29.3,8.6,"PARTIAL_PASS_THROUGH",39.66
"Moderate (+15%)",6.33,4.83,"BEER-001074","Demo Beer Product #74","BEER",37.71,23.42,24.40,4.2,37.9,35.3,2.6,"ABSORB",37.71
"Extreme (+75%)",9.63,7.35,"BEER-001074","Demo Beer Product #74","BEER",37.71,23.42,28.30,20.8,37.9,25.0,12.9,"FULL_REPRICE",41.86
"High Stress (+30%)",7.15,5.46,"BEER-001074","Demo Beer Product #74","BEER",37.71,23.42,25.37,8.3,37.9,32.7,5.2,"PARTIAL_PASS_THROUGH",38.88
"Baseline",5.50,4.20,"BEER-001075","Demo Beer Product #75","BEER",36.01,23.78,23.78,0.0,34.0,34.0,0.0,"ABSORB",36.01
"Crisis (+50%)",8.25,6.30,"BEER-001075","Demo Beer Product #75","BEER",36.01,23.78,27.98,17.6,34.0,22.3,11.7,"PARTIAL_PASS_THROUGH",38.53
"Moderate (+15%)",6.33,4.83,"BEER-001075","Demo Beer Product #75","BEER",36.01,23.78,25.04,5.3,34.0,30.5,3.5,"ABSORB",36.01
"Extreme (+75%)",9.63,7.35,"BEER-001075","Demo Beer Product #75","BEER",36.01,23.78,30.08,26.5,34.0,16.5,17.5,"FULL_REPRICE",41.36
"High Stress (+30%)",7.15,5.46,"BEER-001075","Demo Beer Product #75","BEER",36.01,23.78,26.30,10.6,34.0,27.0,7.0,"PARTIAL_PASS_THROUGH",37.52
"Baseline",5.50,4.20,"BEER-001076","Demo Beer Product #76","BEER",37.96,21.81,21.81,0.0,42.6,42.6,0.0,"ABSORB",37.96
"Crisis (+50%)",8.25,6.30,"BEER-001076","Demo Beer Product #76","BEER",37.96,21.81,25.48,16.8,42.6,32.9,9.7,"PARTIAL_PASS_THROUGH",40.16
"Moderate (+15%)",6.33,4.83,"BEER-001076","Demo Beer Product #76","BEER",37.96,21.81,22.91,5.1,42.6,39.6,2.9,"ABSORB",37.96
"Extreme (+75%)",9.63,7.35,"BEER-001076","Demo Beer Product #76","BEER",37.96,21.81,27.32,25.3,42.6,28.0,14.5,"FULL_REPRICE",42.65
"High Stress (+30%)",7.15,5.46,"BEER-001076","Demo Beer Product #76","BEER",37.96,21.81,24.01,10.1,42.6,36.7,5.8,"PARTIAL_PASS_THROUGH",39.28
"Baseline",5.50,4.20,"BEER-001077","Demo Beer Product #77","BEER",34.76,22.61,22.61,0.0,35.0,35.0,0.0,"ABSORB",34.76
"Crisis (+50%)",8.25,6.30,"BEER-001077","Demo Beer Product #77","BEER",34.76,22.61,26.10,15.5,35.0,24.9,10.0,"PARTIAL_PASS_THROUGH",36.86
"Moderate (+15%)",6.33,4.83,"BEER-001077","Demo Beer Product #77","BEER",34.76,22.61,23.66,4.7,35.0,31.9,3.0,"ABSORB",34.76
"Extreme (+75%)",9.63,7.35,"BEER-001077","Demo Beer Product #77","BEER",34.76,22.61,27.85,23.2,35.0,19.9,15.1,"FULL_REPRICE",39.22
"High Stress (+30%)",7.15,5.46,"BEER-001077","Demo Beer Product #77","BEER",34.76,22.61,24.70,9.3,35.0,28.9,6.0,"PARTIAL_PASS_THROUGH",36.02
"Baseline",5.50,4.20,"BEER-001078","Demo Beer Product #78","BEER",33.00,24.24,24.24,0.0,26.6,26.6,0.0,"ABSORB",33.00
"Crisis (+50%)",8.25,6.30,"BEER-001078","Demo Beer Product #78","BEER",33.00,24.24,27.64,14.0,26.6,16.2,10.3,"PARTIAL_PASS_THROUGH",35.04
"Moderate (+15%)",6.33,4.83,"BEER-001078","Demo Beer Product #78","BEER",33.00,24.24,25.26,4.2,26.6,23.4,3.1,"ABSORB",33.00
"Extreme (+75%)",9.63,7.35,"BEER-001078","Demo Beer Product #78","BEER",33.00,24.24,29.35,21.1,26.6,11.1,15.5,"FULL_REPRICE",37.34
"High Stress (+30%)",7.15,5.46,"BEER-001078","Demo Beer Product #78","BEER",33.00,24.24,26.28,8.4,26.6,20.4,6.2,"PARTIAL_PASS_THROUGH",34.23
"Baseline",5.50,4.20,"BEER-001079","Demo Beer Product #79","BEER",37.38,22.88,22.88,0.0,38.8,38.8,0.0,"ABSORB",37.38
"Crisis (+50%)",8.25,6.30,"BEER-001079","Demo Beer Product #79","BEER",37.38,22.88,26.86,17.4,38.8,28.2,10.6,"PARTIAL_PASS_THROUGH",39.77
"Moderate (+15%)",6.33,4.83,"BEER-001079","Demo Beer Product #79","BEER",37.38,22.88,24.08,5.2,38.8,35.6,3.2,"ABSORB",37.38
"Extreme (+75%)",9.63,7.35,"BEER-001079","Demo Beer Product #79","BEER",37.38,22.88,28.85,26.1,38.8,22.8,16.0,"FULL_REPRICE",42.45
"High Stress (+30%)",7.15,5.46,"BEER-001079","Demo Beer Product #79","BEER",37.38,22.88,25.27,10.4,38.8,32.4,6.4,"PARTIAL_PASS_THROUGH",38.81
"Baseline",5.50,4.20,"BEER-001080","Demo Beer Product #80","BEER",32.78,22.70,22.70,0.0,30.8,30.8,0.0,"ABSORB",32.78
"Crisis (+50%)",8.25,6.30,"BEER-001080","Demo Beer Product #80","BEER",32.78,22.70,26.16,15.3,30.8,20.2,10.6,"PARTIAL_PASS_THROUGH",34.86
"Moderate (+15%)",6.33,4.83,"BEER-001080","Demo Beer Product #80","BEER",32.78,22.70,23.74,4.6,30.8,27.6,3.2,"ABSORB",32.78
"Extreme (+75%)",9.63,7.35,"BEER-001080","Demo Beer Product #80","BEER",32.78,22.70,27.90,22.9,30.8,14.9,15.9,"FULL_REPRICE",37.21
"High Stress (+30%)",7.15,5.46,"BEER-001080","Demo Beer Product #80","BEER",32.78,22.70,24.78,9.2,30.8,24.4,6.3,"PARTIAL_PASS_THROUGH",34.03
"Baseline",5.50,4.20,"BEER-001081","Demo Beer Product #81","BEER",38.00,22.94,22.94,0.0,39.6,39.6,0.0,"ABSORB",38.00
"Crisis (+50%)",8.25,6.30,"BEER-001081","Demo Beer Product #81","BEER",38.00,22.94,26.26,14.5,39.6,30.9,8.7,"PARTIAL_PASS_THROUGH",39.99
"Moderate (+15%)",6.33,4.83,"BEER-001081","Demo Beer Product #81","BEER",38.00,22.94,23.94,4.4,39.6,37.0,2.6,"ABSORB",38.00
"Extreme (+75%)",9.63,7.35,"BEER-001081","Demo Beer Product #81","BEER",38.00,22.94,27.93,21.7,39.6,26.5,13.1,"FULL_REPRICE",42.24
"High Stress (+30%)",7.15,5.46,"BEER-001081","Demo Beer Product #81","BEER",38.00,22.94,24.93,8.7,39.6,34.4,5.2,"PARTIAL_PASS_THROUGH",39.20
"Baseline",5.50,4.20,"BEER-001082","Demo Beer Product #82","BEER",36.15,21.72,21.72,0.0,39.9,39.9,0.0,"ABSORB",36.15
"Crisis (+50%)",8.25,6.30,"BEER-001082","Demo Beer Product #82","BEER",36.15,21.72,25.51,17.4,39.9,29.4,10.5,"PARTIAL_PASS_THROUGH",38.42
"Moderate (+15%)",6.33,4.83,"BEER-001082","Demo Beer Product #82","BEER",36.15,21.72,22.86,5.2,39.9,36.8,3.2,"ABSORB",36.15
"Extreme (+75%)",9.63,7.35,"BEER-001082","Demo Beer Product #82","BEER",36.15,21.72,27.40,26.1,39.9,24.2,15.7,"FULL_REPRICE",40.98
"High Stress (+30%)",7.15,5.46,"BEER-001082","Demo Beer Product #82","BEER",36.15,21.72,23.99,10.4,39.9,33.6,6.3,"PARTIAL_PASS_THROUGH",37.51
"Baseline",5.50,4.20,"BEER-001083","Demo Beer Product #83","BEER",35.44,22.46,22.46,0.0,36.6,36.6,0.0,"ABSORB",35.44
"Crisis (+50%)",8.25,6.30,"BEER-001083","Demo Beer Product #83","BEER",35.44,22.46,25.97,15.6,36.6,26.7,9.9,"PARTIAL_PASS_THROUGH",37.55
"Moderate (+15%)",6.33,4.83,"BEER-001083","Demo Beer Product #83","BEER",35.44,22.46,23.52,4.7,36.6,33.6,3.0,"ABSORB",35.44
"Extreme (+75%)",9.63,7.35,"BEER-001083","Demo Beer Product #83","BEER",35.44,22.46,27.73,23.5,36.6,21.8,14.9,"FULL_REPRICE",39.92
"High Stress (+30%)",7.15,5.46,"BEER-001083","Demo Beer Product #83","BEER",35.44,22.46,24.57,9.4,36.6,30.7,5.9,"PARTIAL_PASS_THROUGH",36.70
"Baseline",5.50,4.20,"BEER-001084","Demo Beer Product #84","BEER",33.93,22.43,22.43,0.0,33.9,33.9,0.0,"ABSORB",33.93
"Crisis (+50%)",8.25,6.30,"BEER-001084","Demo Beer Product #84","BEER",33.93,22.43,26.45,17.9,33.9,22.0,11.9,"PARTIAL_PASS_THROUGH",36.34
"Moderate (+15%)",6.33,4.83,"BEER-001084","Demo Beer Product #84","BEER",33.93,22.43,23.64,5.4,33.9,30.3,3.6,"ABSORB",33.93
"Extreme (+75%)",9.63,7.35,"BEER-001084","Demo Beer Product #84","BEER",33.93,22.43,28.47,26.9,33.9,16.1,17.8,"FULL_REPRICE",39.07
"High Stress (+30%)",7.15,5.46,"BEER-001084","Demo Beer Product #84","BEER",33.93,22.43,24.84,10.8,33.9,26.8,7.1,"PARTIAL_PASS_THROUGH",35.38
"Baseline",5.50,4.20,"BEER-001085","Demo Beer Product #85","BEER",33.18,24.43,24.43,0.0,26.4,26.4,0.0,"ABSORB",33.18
"Crisis (+50%)",8.25,6.30,"BEER-001085","Demo Beer Product #85","BEER",33.18,24.43,28.15,15.2,26.4,15.2,11.2,"PARTIAL_PASS_THROUGH",35.41
"Moderate (+15%)",6.33,4.83,"BEER-001085","Demo Beer Product #85","BEER",33.18,24.43,25.55,4.6,26.4,23.0,3.4,"ABSORB",33.18
"Extreme (+75%)",9.63,7.35,"BEER-001085","Demo Beer Product #85","BEER",33.18,24.43,30.01,22.8,26.4,9.5,16.8,"FULL_REPRICE",37.92
"High Stress (+30%)",7.15,5.46,"BEER-001085","Demo Beer Product #85","BEER",33.18,24.43,26.66,9.1,26.4,19.6,6.7,"PARTIAL_PASS_THROUGH",34.52
"Baseline",5.50,4.20,"BEER-001086","Demo Beer Product #86","BEER",33.13,22.15,22.15,0.0,33.1,33.1,0.0,"ABSORB",33.13
"Crisis (+50%)",8.25,6.30,"BEER-001086","Demo Beer Product #86","BEER",33.13,22.15,25.95,17.2,33.1,21.7,11.5,"PARTIAL_PASS_THROUGH",35.41
"Moderate (+15%)",6.33,4.83,"BEER-001086","Demo Beer Product #86","BEER",33.13,22.15,23.30,5.2,33.1,29.7,3.5,"ABSORB",33.13
"Extreme (+75%)",9.63,7.35,"BEER-001086","Demo Beer Product #86","BEER",33.13,22.15,27.86,25.8,33.1,15.9,17.2,"FULL_REPRICE",37.98
"High Stress (+30%)",7.15,5.46,"BEER-001086","Demo Beer Product #86","BEER",33.13,22.15,24.43,10.3,33.1,26.3,6.9,"PARTIAL_PASS_THROUGH",34.50
"Baseline",5.50,4.20,"BEER-001087","Demo Beer Product #87","BEER",36.65,23.73,23.73,0.0,35.2,35.2,0.0,"ABSORB",36.65
"Crisis (+50%)",8.25,6.30,"BEER-001087","Demo Beer Product #87","BEER",36.65,23.73,27.11,14.2,35.2,26.0,9.2,"PARTIAL_PASS_THROUGH",38.68
"Moderate (+15%)",6.33,4.83,"BEER-001087","Demo Beer Product #87","BEER",36.65,23.73,24.75,4.3,35.2,32.5,2.8,"ABSORB",36.65
"Extreme (+75%)",9.63,7.35,"BEER-001087","Demo Beer Product #87","BEER",36.65,23.73,28.80,21.4,35.2,21.4,13.8,"FULL_REPRICE",40.96
"High Stress (+30%)",7.15,5.46,"BEER-001087","Demo Beer Product #87","BEER",36.65,23.73,25.76,8.5,35.2,29.7,5.5,"PARTIAL_PASS_THROUGH",37.87
"Baseline",5.50,4.20,"BEER-001088","Demo Beer Product #88","BEER",33.71,21.35,21.35,0.0,36.7,36.7,0.0,"ABSORB",33.71
"Crisis (+50%)",8.25,6.30,"BEER-001088","Demo Beer Product #88","BEER",33.71,21.35,24.78,16.1,36.7,26.5,10.2,"PARTIAL_PASS_THROUGH",35.77
"Moderate (+15%)",6.33,4.83,"BEER-001088","Demo Beer Product #88","BEER",33.71,21.35,22.38,4.8,36.7,33.6,3.1,"ABSORB",33.71
"Extreme (+75%)",9.63,7.35,"BEER-001088","Demo Beer Product #88","BEER",33.71,21.35,26.50,24.1,36.7,21.4,15.3,"FULL_REPRICE",38.09
"High Stress (+30%)",7.15,5.46,"BEER-001088","Demo Beer Product #88","BEER",33.71,21.35,23.41,9.6,36.7,30.6,6.1,"PARTIAL_PASS_THROUGH",34.94
"Baseline",5.50,4.20,"BEER-001089","Demo Beer Product #89","BEER",36.96,23.49,23.49,0.0,36.5,36.5,0.0,"ABSORB",36.96
"Crisis (+50%)",8.25,6.30,"BEER-001089","Demo Beer Product #89","BEER",36.96,23.49,27.34,16.4,36.5,26.0,10.4,"PARTIAL_PASS_THROUGH",39.27
"Moderate (+15%)",6.33,4.83,"BEER-001089","Demo Beer Product #89","BEER",36.96,23.49,24.65,4.9,36.5,33.3,3.1,"ABSORB",36.96
"Extreme (+75%)",9.63,7.35,"BEER-001089","Demo Beer Product #89","BEER",36.96,23.49,29.27,24.6,36.5,20.8,15.6,"FULL_REPRICE",41.88
"High Stress (+30%)",7.15,5.46,"BEER-001089","Demo Beer Product #89","BEER",36.96,23.49,25.80,9.8,36.5,30.2,6.3,"PARTIAL_PASS_THROUGH",38.35
"Baseline",5.50,4.20,"BEER-001090","Demo Beer Product #90","BEER",33.44,23.07,23.07,0.0,31.0,31.0,0.0,"ABSORB",33.44
"Crisis (+50%)",8.25,6.30,"BEER-001090","Demo Beer Product #90","BEER",33.44,23.07,26.69,15.7,31.0,20.2,10.8,"PARTIAL_PASS_THROUGH",35.61
"Moderate (+15%)",6.33,4.83,"BEER-001090","Demo Beer Product #90","BEER",33.44,23.07,24.16,4.7,31.0,27.7,3.3,"ABSORB",33.44
"Extreme (+75%)",9.63,7.35,"BEER-001090","Demo Beer Product #90","BEER",33.44,23.07,28.51,23.6,31.0,14.7,16.3,"FULL_REPRICE",38.06
"High Stress (+30%)",7.15,5.46,"BEER-001090","Demo Beer Product #90","BEER",33.44,23.07,25.25,9.4,31.0,24.5,6.5,"PARTIAL_PASS_THROUGH",34.74
"Baseline",5.50,4.20,"BEER-001091","Demo Beer Product #91","BEER",37.97,22.31,22.31,0.0,41.2,41.2,0.0,"ABSORB",37.97
"Crisis (+50%)",8.25,6.30,"BEER-001091","Demo Beer Product #91","BEER",37.97,22.31,25.98,16.5,41.2,31.6,9.7,"PARTIAL_PASS_THROUGH",40.17
"Moderate (+15%)",6.33,4.83,"BEER-001091","Demo Beer Product #91","BEER",37.97,22.31,23.42,5.0,41.2,38.3,2.9,"ABSORB",37.97
"Extreme (+75%)",9.63,7.35,"BEER-001091","Demo Beer Product #91","BEER",37.97,22.31,27.82,24.7,41.2,26.7,14.5,"FULL_REPRICE",42.65
"High Stress (+30%)",7.15,5.46,"BEER-001091","Demo Beer Product #91","BEER",37.97,22.31,24.51,9.9,41.2,35.4,5.8,"PARTIAL_PASS_THROUGH",39.29
"Baseline",5.50,4.20,"BEER-001092","Demo Beer Product #92","BEER",37.90,21.99,21.99,0.0,42.0,42.0,0.0,"ABSORB",37.90
"Crisis (+50%)",8.25,6.30,"BEER-001092","Demo Beer Product #92","BEER",37.90,21.99,25.51,16.0,42.0,32.7,9.3,"PARTIAL_PASS_THROUGH",40.01
"Moderate (+15%)",6.33,4.83,"BEER-001092","Demo Beer Product #92","BEER",37.90,21.99,23.05,4.8,42.0,39.2,2.8,"ABSORB",37.90
"Extreme (+75%)",9.63,7.35,"BEER-001092","Demo Beer Product #92","BEER",37.90,21.99,27.27,24.1,42.0,28.0,14.0,"FULL_REPRICE",42.40
"High Stress (+30%)",7.15,5.46,"BEER-001092","Demo Beer Product #92","BEER",37.90,21.99,24.10,9.6,42.0,36.4,5.6,"PARTIAL_PASS_THROUGH",39.17
"Baseline",5.50,4.20,"BEER-001093","Demo Beer Product #93","BEER",33.97,22.88,22.88,0.0,32.6,32.6,0.0,"ABSORB",33.97
"Crisis (+50%)",8.25,6.30,"BEER-001093","Demo Beer Product #93","BEER",33.97,22.88,27.23,19.0,32.6,19.8,12.8,"FULL_REPRICE",37.66
"Moderate (+15%)",6.33,4.83,"BEER-001093","Demo Beer Product #93","BEER",33.97,22.88,24.19,5.7,32.6,28.8,3.9,"ABSORB",33.97
"Extreme (+75%)",9.63,7.35,"BEER-001093","Demo Beer Product #93","BEER",33.97,22.88,29.41,28.5,32.6,13.4,19.2,"FULL_REPRICE",39.52
"High Stress (+30%)",7.15,5.46,"BEER-001093","Demo Beer Product #93","BEER",33.97,22.88,25.49,11.4,32.6,25.0,7.7,"PARTIAL_PASS_THROUGH",35.53
"Baseline",5.50,4.20,"BEER-001094","Demo Beer Product #94","BEER",32.81,25.11,25.11,0.0,23.5,23.5,0.0,"ABSORB",32.81
"Crisis (+50%)",8.25,6.30,"BEER-001094","Demo Beer Product #94","BEER",32.81,25.11,29.08,15.8,23.5,11.4,12.1,"PARTIAL_PASS_THROUGH",35.20
"Moderate (+15%)",6.33,4.83,"BEER-001094","Demo Beer Product #94","BEER",32.81,25.11,26.30,4.8,23.5,19.8,3.7,"ABSORB",32.81
"Extreme (+75%)",9.63,7.35,"BEER-001094","Demo Beer Product #94","BEER",32.81,25.11,31.08,23.8,23.5,5.3,18.2,"FULL_REPRICE",37.89
"High Stress (+30%)",7.15,5.46,"BEER-001094","Demo Beer Product #94","BEER",32.81,25.11,27.49,9.5,23.5,16.2,7.3,"PARTIAL_PASS_THROUGH",34.24
"Baseline",5.50,4.20,"BEER-001095","Demo Beer Product #95","BEER",33.82,21.45,21.45,0.0,36.6,36.6,0.0,"ABSORB",33.82
"Crisis (+50%)",8.25,6.30,"BEER-001095","Demo Beer Product #95","BEER",33.82,21.45,24.94,16.3,36.6,26.3,10.3,"PARTIAL_PASS_THROUGH",35.92
"Moderate (+15%)",6.33,4.83,"BEER-001095","Demo Beer Product #95","BEER",33.82,21.45,22.50,4.9,36.6,33.5,3.1,"ABSORB",33.82
"Extreme (+75%)",9.63,7.35,"BEER-001095","Demo Beer Product #95","BEER",33.82,21.45,26.69,24.5,36.6,21.1,15.5,"FULL_REPRICE",38.28
"High Stress (+30%)",7.15,5.46,"BEER-001095","Demo Beer Product #95","BEER",33.82,21.45,23.54,9.8,36.6,30.4,6.2,"PARTIAL_PASS_THROUGH",35.08
"Baseline",5.50,4.20,"BEER-001096","Demo Beer Product #96","BEER",35.75,23.48,23.48,0.0,34.3,34.3,0.0,"ABSORB",35.75
"Crisis (+50%)",8.25,6.30,"BEER-001096","Demo Beer Product #96","BEER",35.75,23.48,26.75,14.0,34.3,25.2,9.2,"PARTIAL_PASS_THROUGH",37.72
"Moderate (+15%)",6.33,4.83,"BEER-001096","Demo Beer Product #96","BEER",35.75,23.48,24.46,4.2,34.3,31.6,2.8,"ABSORB",35.75
"Extreme (+75%)",9.63,7.35,"BEER-001096","Demo Beer Product #96","BEER",35.75,23.48,28.40,21.0,34.3,20.6,13.8,"FULL_REPRICE",39.93
"High Stress (+30%)",7.15,5.46,"BEER-001096","Demo Beer Product #96","BEER",35.75,23.48,25.44,8.4,34.3,28.8,5.5,"PARTIAL_PASS_THROUGH",36.93
"Baseline",5.50,4.20,"BEER-001097","Demo Beer Product #97","BEER",33.76,24.64,24.64,0.0,27.0,27.0,0.0,"ABSORB",33.76
"Crisis (+50%)",8.25,6.30,"BEER-001097","Demo Beer Product #97","BEER",33.76,24.64,28.33,15.0,27.0,16.1,10.9,"PARTIAL_PASS_THROUGH",35.97
"Moderate (+15%)",6.33,4.83,"BEER-001097","Demo Beer Product #97","BEER",33.76,24.64,25.75,4.5,27.0,23.7,3.3,"ABSORB",33.76
"Extreme (+75%)",9.63,7.35,"BEER-001097","Demo Beer Product #97","BEER",33.76,24.64,30.18,22.5,27.0,10.6,16.4,"FULL_REPRICE",38.47
"High Stress (+30%)",7.15,5.46,"BEER-001097","Demo Beer Product #97","BEER",33.76,24.64,26.85,9.0,27.0,20.5,6.6,"PARTIAL_PASS_THROUGH",35.09
"Baseline",5.50,4.20,"BEER-001098","Demo Beer Product #98","BEER",35.41,23.89,23.89,0.0,32.5,32.5,0.0,"ABSORB",35.41
"Crisis (+50%)",8.25,6.30,"BEER-001098","Demo Beer Product #98","BEER",35.41,23.89,27.62,15.6,32.5,22.0,10.5,"PARTIAL_PASS_THROUGH",37.65
"Moderate (+15%)",6.33,4.83,"BEER-001098","Demo Beer Product #98","BEER",35.41,23.89,25.02,4.7,32.5,29.4,3.2,"ABSORB",35.41
"Extreme (+75%)",9.63,7.35,"BEER-001098","Demo Beer Product #98","BEER",35.41,23.89,29.49,23.4,32.5,16.7,15.8,"FULL_REPRICE",40.17
"High Stress (+30%)",7.15,5.46,"BEER-001098","Demo Beer Product #98","BEER",35.41,23.89,26.13,9.4,32.5,26.2,6.3,"PARTIAL_PASS_THROUGH",36.75
"Baseline",5.50,4.20,"BEER-001099","Demo Beer Product #99","BEER",35.29,21.63,21.63,0.0,38.7,38.7,0.0,"ABSORB",35.29
"Crisis (+50%)",8.25,6.30,"BEER-001099","Demo Beer Product #99","BEER",35.29,21.63,25.20,16.5,38.7,28.6,10.1,"PARTIAL_PASS_THROUGH",37.43
"Moderate (+15%)",6.33,4.83,"BEER-001099","Demo Beer Product #99","BEER",35.29,21.63,22.70,5.0,38.7,35.7,3.0,"ABSORB",35.29
"Extreme (+75%)",9.63,7.35,"BEER-001099","Demo Beer Product #99","BEER",35.29,21.63,26.99,24.8,38.7,23.5,15.2,"FULL_REPRICE",39.85
"High Stress (+30%)",7.15,5.46,"BEER-001099","Demo Beer Product #99","BEER",35.29,21.63,23.77,9.9,38.7,32.6,6.1,"PARTIAL_PASS_THROUGH",36.58
