"WEEK_NUM","WEEK_START_DATE","DC_ID","DC_NAME","CITY","STATE","LATITUDE","LONGITUDE","ON_HAND_UNITS","WEEKLY_DEMAND_UNITS","INBOUND_SUPPLY_TONS","AVG_SUPPLY_DISRUPTION","AVG_LEAD_DAYS","DAYS_OF_SUPPLY","SAFETY_STOCK_THRESHOLD","RISK_STATUS"
59,"2025-11-17","DC-ATL","Atlanta Distribution Center","Atlanta","GA",33.7537,-84.3863,34696,870,15,0,3,279.9,2175,"NORMAL"
12,"2024-12-23","DC-NYC","New York Distribution Center","Brooklyn","NY",40.6501,-74.0139,44829,1130,11.4,0.3,1,249.9,2825,"AT_RISK"
77,"2026-03-23","DC-NYC","New York Distribution Center","Brooklyn","NY",40.6501,-74.0139,54443,1479,17.6,0.18,1,246.5,3698,"ELEVATED"
35,"2025-06-02","DC-SEA","Seattle Distribution Center","Seattle","WA",47.6062,-122.3321,26422,1136,27,0.25,2,137.7,2840,"AT_RISK"
23,"2025-03-10","DC-SEA","Seattle Distribution Center","Seattle","WA",47.6062,-122.3321,28380,835,17.1,0.25,1,233.6,2088,"AT_RISK"
76,"2026-03-16","DC-TOR","Toronto Distribution Center","Toronto","ON",43.6532,-79.3832,30285,729,26,0.18,3,338.2,1823,"ELEVATED"
87,"2026-06-01","DC-ATL","Atlanta Distribution Center","Atlanta","GA",33.7537,-84.3863,40447,1320,16,0,3,233,3300,"NORMAL"
35,"2025-06-02","DC-ATL","Atlanta Distribution Center","Atlanta","GA",33.7537,-84.3863,36192,1259,9.9,0.25,3,194.5,3148,"AT_RISK"
52,"2025-09-29","DC-ATL","Atlanta Distribution Center","Atlanta","GA",33.7537,-84.3863,32154,1055,13.2,0.15,3,200,2638,"ELEVATED"
13,"2024-12-30","DC-TOR","Toronto Distribution Center","Toronto","ON",43.6532,-79.3832,25771,564,24.6,0.3,2,348.6,1410,"AT_RISK"
42,"2025-07-21","DC-CHI","Chicago Distribution Center","Chicago","IL",41.8525,-87.6514,45158,1649,15,0.15,2,187.5,4123,"ELEVATED"
89,"2026-06-15","DC-DAL","Dallas Distribution Center","Dallas","TX",32.7767,-96.797,34657,1414,14.3,0.12,3,168.9,3535,"ELEVATED"
99,"2026-08-24","DC-NYC","New York Distribution Center","Brooklyn","NY",40.6501,-74.0139,44562,1810,15,0,2,185.4,4525,"NORMAL"
45,"2025-08-11","DC-ATL","Atlanta Distribution Center","Atlanta","GA",33.7537,-84.3863,34572,1225,23.5,0.15,4,187.7,3063,"ELEVATED"
71,"2026-02-09","DC-ATL","Atlanta Distribution Center","Atlanta","GA",33.7537,-84.3863,43023,884,22,0,3,339.4,2210,"NORMAL"
55,"2025-10-20","DC-ATL","Atlanta Distribution Center","Atlanta","GA",33.7537,-84.3863,33191,957,22.6,0.15,3,232.6,2393,"ELEVATED"
85,"2026-05-18","DC-DAL","Dallas Distribution Center","Dallas","TX",32.7767,-96.797,39541,1361,10,0,4,204.3,3403,"NORMAL"
24,"2025-03-17","DC-DAL","Dallas Distribution Center","Dallas","TX",32.7767,-96.797,36200,1040,19.8,0.25,5,250.7,2600,"AT_RISK"
60,"2025-11-24","DC-SEA","Seattle Distribution Center","Seattle","WA",47.6062,-122.3321,21697,770,16,0,2,222.4,1925,"NORMAL"
25,"2025-03-24","DC-TOR","Toronto Distribution Center","Toronto","ON",43.6532,-79.3832,31560,735,23.8,0.3,3,273.1,1838,"AT_RISK"
21,"2025-02-24","DC-TOR","Toronto Distribution Center","Toronto","ON",43.6532,-79.3832,32076,650,8.8,0.3,4,357.7,1625,"AT_RISK"
8,"2024-11-25","DC-CHI","Chicago Distribution Center","Chicago","IL",41.8525,-87.6514,41378,1034,24.3,0.25,1,269.7,2585,"AT_RISK"
71,"2026-02-09","DC-SEA","Seattle Distribution Center","Seattle","WA",47.6062,-122.3321,27587,785,28,0,1,267.6,1963,"NORMAL"
15,"2025-01-13","DC-TOR","Toronto Distribution Center","Toronto","ON",43.6532,-79.3832,23511,551,8.2,0.45,2,299.5,1378,"CRITICAL"
36,"2025-06-09","DC-CHI","Chicago Distribution Center","Chicago","IL",41.8525,-87.6514,43644,1615,23.4,0.25,1,202.3,4038,"AT_RISK"
33,"2025-05-19","DC-DAL","Dallas Distribution Center","Dallas","TX",32.7767,-96.797,31469,1288,20.7,0.25,3,175.1,3220,"AT_RISK"
86,"2026-05-25","DC-TOR","Toronto Distribution Center","Toronto","ON",43.6532,-79.3832,29572,942,24.1,0.18,2,253.9,2355,"ELEVATED"
36,"2025-06-09","DC-ATL","Atlanta Distribution Center","Atlanta","GA",33.7537,-84.3863,32919,1283,10.8,0.25,3,179.7,3208,"AT_RISK"
100,"2026-08-31","DC-ATL","Atlanta Distribution Center","Atlanta","GA",33.7537,-84.3863,35675,1212,11,0,3,216.1,3030,"NORMAL"
47,"2025-08-25","DC-SEA","Seattle Distribution Center","Seattle","WA",47.6062,-122.3321,20101,1013,24.9,0.35,1,134.6,2533,"AT_RISK"
16,"2025-01-20","DC-TOR","Toronto Distribution Center","Toronto","ON",43.6532,-79.3832,27194,568,18,0.45,3,341.2,1420,"CRITICAL"
101,"2026-09-07","DC-CHI","Chicago Distribution Center","Chicago","IL",41.8525,-87.6514,42518,1490,23,0,2,204.7,3725,"NORMAL"
97,"2026-08-10","DC-NYC","New York Distribution Center","Brooklyn","NY",40.6501,-74.0139,45115,1910,24,0,1,173.6,4775,"NORMAL"
2,"2024-10-14","DC-ATL","Atlanta Distribution Center","Atlanta","GA",33.7537,-84.3863,27392,980,19.8,0.25,3,218.4,2450,"AT_RISK"
67,"2026-01-12","DC-NYC","New York Distribution Center","Brooklyn","NY",40.6501,-74.0139,55211,1205,23,0,2,316.3,3013,"NORMAL"
70,"2026-02-02","DC-NYC","New York Distribution Center","Brooklyn","NY",40.6501,-74.0139,58543,1287,22,0,2,300.5,3218,"NORMAL"
15,"2025-01-13","DC-DAL","Dallas Distribution Center","Dallas","TX",32.7767,-96.797,30167,821,20.7,0.25,5,284.5,2053,"AT_RISK"
37,"2025-06-16","DC-DAL","Dallas Distribution Center","Dallas","TX",32.7767,-96.797,29977,1375,11.7,0.25,5,178.1,3438,"AT_RISK"
55,"2025-10-20","DC-TOR","Toronto Distribution Center","Toronto","ON",43.6532,-79.3832,27853,711,16,0.15,2,259.4,1778,"ELEVATED"
4,"2024-10-28","DC-CHI","Chicago Distribution Center","Chicago","IL",41.8525,-87.6514,39672,1136,15.3,0.25,1,242.8,2840,"AT_RISK"
12,"2024-12-23","DC-CHI","Chicago Distribution Center","Chicago","IL",41.8525,-87.6514,42124,989,20.7,0.25,2,309.2,2473,"AT_RISK"
54,"2025-10-13","DC-ATL","Atlanta Distribution Center","Atlanta","GA",33.7537,-84.3863,30196,973,13.2,0.15,3,226.3,2433,"ELEVATED"
80,"2026-04-13","DC-ATL","Atlanta Distribution Center","Atlanta","GA",33.7537,-84.3863,41238,1125,11,0,3,280.5,2813,"NORMAL"
82,"2026-04-27","DC-ATL","Atlanta Distribution Center","Atlanta","GA",33.7537,-84.3863,44566,1231,27,0,3,237.1,3078,"NORMAL"
79,"2026-04-06","DC-NYC","New York Distribution Center","Brooklyn","NY",40.6501,-74.0139,52112,1573,20.4,0.18,2,229.2,3933,"ELEVATED"
53,"2025-10-06","DC-DAL","Dallas Distribution Center","Dallas","TX",32.7767,-96.797,23885,1008,17.6,0.5,6,166.9,2520,"CRITICAL"
37,"2025-06-16","DC-SEA","Seattle Distribution Center","Seattle","WA",47.6062,-122.3321,20542,1168,21.6,0.25,1,130.3,2920,"AT_RISK"
58,"2025-11-10","DC-ATL","Atlanta Distribution Center","Atlanta","GA",33.7537,-84.3863,36316,918,17,0,3,271.7,2295,"NORMAL"
22,"2025-03-03","DC-TOR","Toronto Distribution Center","Toronto","ON",43.6532,-79.3832,31648,666,25.5,0.3,3,344.3,1665,"AT_RISK"
75,"2026-03-09","DC-SEA","Seattle Distribution Center","Seattle","WA",47.6062,-122.3321,28952,843,26,0.18,1,229.5,2108,"ELEVATED"
77,"2026-03-23","DC-ATL","Atlanta Distribution Center","Atlanta","GA",33.7537,-84.3863,43719,1048,11,0,4,309.8,2620,"NORMAL"
52,"2025-09-29","DC-NYC","New York Distribution Center","Brooklyn","NY",40.6501,-74.0139,42242,1536,17.9,0.15,1,182.1,3840,"ELEVATED"
69,"2026-01-26","DC-TOR","Toronto Distribution Center","Toronto","ON",43.6532,-79.3832,33595,644,25,0,2,378.1,1610,"NORMAL"
104,"2026-09-28","DC-SEA","Seattle Distribution Center","Seattle","WA",47.6062,-122.3321,22198,987,27,0,1,171.9,2468,"NORMAL"
36,"2025-06-09","DC-SEA","Seattle Distribution Center","Seattle","WA",47.6062,-122.3321,22977,1146,15.3,0.25,1,154.8,2865,"AT_RISK"
26,"2025-03-31","DC-TOR","Toronto Distribution Center","Toronto","ON",43.6532,-79.3832,32100,754,15.8,0.3,3,297,1885,"AT_RISK"
40,"2025-07-07","DC-CHI","Chicago Distribution Center","Chicago","IL",41.8525,-87.6514,45671,1703,14.1,0.15,1,178.5,4258,"ELEVATED"
26,"2025-03-31","DC-NYC","New York Distribution Center","Brooklyn","NY",40.6501,-74.0139,49431,1488,22.9,0.3,1,230.4,3720,"AT_RISK"
6,"2024-11-11","DC-TOR","Toronto Distribution Center","Toronto","ON",43.6532,-79.3832,25686,645,13.5,0.25,2,261.8,1613,"AT_RISK"
20,"2025-02-17","DC-CHI","Chicago Distribution Center","Chicago","IL",41.8525,-87.6514,42213,1046,16.4,0.45,1,278.6,2615,"CRITICAL"
67,"2026-01-12","DC-TOR","Toronto Distribution Center","Toronto","ON",43.6532,-79.3832,31758,617,18,0,2,393.7,1543,"NORMAL"
31,"2025-05-05","DC-TOR","Toronto Distribution Center","Toronto","ON",43.6532,-79.3832,27682,854,10.9,0.4,3,252.1,2135,"CRITICAL"
80,"2026-04-13","DC-DAL","Dallas Distribution Center","Dallas","TX",32.7767,-96.797,42006,1215,20,0,3,246.1,3038,"NORMAL"
41,"2025-07-14","DC-DAL","Dallas Distribution Center","Dallas","TX",32.7767,-96.797,33662,1383,13.2,0.15,3,152.3,3458,"ELEVATED"
79,"2026-04-06","DC-SEA","Seattle Distribution Center","Seattle","WA",47.6062,-122.3321,23697,963,13,0.18,2,178.3,2408,"ELEVATED"
84,"2026-05-11","DC-SEA","Seattle Distribution Center","Seattle","WA",47.6062,-122.3321,27468,1087,21.3,0.18,2,160.9,2718,"ELEVATED"
74,"2026-03-02","DC-TOR","Toronto Distribution Center","Toronto","ON",43.6532,-79.3832,35016,685,27.8,0.18,3,351,1713,"ELEVATED"
34,"2025-05-26","DC-TOR","Toronto Distribution Center","Toronto","ON",43.6532,-79.3832,31926,921,11.7,0.25,2,230.2,2303,"AT_RISK"
14,"2025-01-06","DC-TOR","Toronto Distribution Center","Toronto","ON",43.6532,-79.3832,28385,559,19.4,0.3,2,334.1,1398,"AT_RISK"
73,"2026-02-23","DC-TOR","Toronto Distribution Center","Toronto","ON",43.6532,-79.3832,35149,673,13,0,2,377.9,1683,"NORMAL"
72,"2026-02-16","DC-ATL","Atlanta Distribution Center","Atlanta","GA",33.7537,-84.3863,42692,891,10,0,4,315.9,2228,"NORMAL"
43,"2025-07-28","DC-DAL","Dallas Distribution Center","Dallas","TX",32.7767,-96.797,33760,1374,16,0.15,3,172.1,3435,"ELEVATED"
8,"2024-11-25","DC-DAL","Dallas Distribution Center","Dallas","TX",32.7767,-96.797,29611,853,9.9,0.25,4,219.2,2133,"AT_RISK"
44,"2025-08-04","DC-SEA","Seattle Distribution Center","Seattle","WA",47.6062,-122.3321,21574,1155,22.6,0.15,2,117.8,2888,"ELEVATED"
34,"2025-05-26","DC-SEA","Seattle Distribution Center","Seattle","WA",47.6062,-122.3321,25728,1117,14.4,0.25,1,149.1,2793,"AT_RISK"
92,"2026-07-06","DC-TOR","Toronto Distribution Center","Toronto","ON",43.6532,-79.3832,29534,985,29,0,2,217.4,2463,"NORMAL"
104,"2026-09-28","DC-TOR","Toronto Distribution Center","Toronto","ON",43.6532,-79.3832,29435,804,12,0,3,249.7,2010,"NORMAL"
101,"2026-09-07","DC-TOR","Toronto Distribution Center","Toronto","ON",43.6532,-79.3832,28421,863,26,0,2,255.8,2158,"NORMAL"
25,"2025-03-24","DC-ATL","Atlanta Distribution Center","Atlanta","GA",33.7537,-84.3863,39228,1001,12.6,0.25,5,267.2,2503,"AT_RISK"
101,"2026-09-07","DC-ATL","Atlanta Distribution Center","Atlanta","GA",33.7537,-84.3863,35069,1189,13,0,3,220.4,2973,"NORMAL"
82,"2026-04-27","DC-DAL","Dallas Distribution Center","Dallas","TX",32.7767,-96.797,40345,1248,14,0,3,232.2,3120,"NORMAL"
64,"2025-12-22","DC-TOR","Toronto Distribution Center","Toronto","ON",43.6532,-79.3832,34243,619,27,0,2,341.3,1548,"NORMAL"
43,"2025-07-28","DC-SEA","Seattle Distribution Center","Seattle","WA",47.6062,-122.3321,23001,1146,16,0.15,1,119.7,2865,"ELEVATED"
31,"2025-05-05","DC-ATL","Atlanta Distribution Center","Atlanta","GA",33.7537,-84.3863,35945,1166,22.5,0.25,5,209.1,2915,"AT_RISK"
18,"2025-02-03","DC-NYC","New York Distribution Center","Brooklyn","NY",40.6501,-74.0139,48126,1193,25.5,0.3,1,270.8,2983,"AT_RISK"
39,"2025-06-30","DC-CHI","Chicago Distribution Center","Chicago","IL",41.8525,-87.6514,44532,1611,10.8,0.25,2,178.5,4028,"AT_RISK"
37,"2025-06-16","DC-TOR","Toronto Distribution Center","Toronto","ON",43.6532,-79.3832,31603,960,11.7,0.25,3,223.1,2400,"AT_RISK"
30,"2025-04-28","DC-ATL","Atlanta Distribution Center","Atlanta","GA",33.7537,-84.3863,40015,1128,9.9,0.25,3,246.4,2820,"AT_RISK"
22,"2025-03-03","DC-ATL","Atlanta Distribution Center","Atlanta","GA",33.7537,-84.3863,40541,888,16.2,0.25,4,294.7,2220,"AT_RISK"
6,"2024-11-11","DC-NYC","New York Distribution Center","Brooklyn","NY",40.6501,-74.0139,40577,1271,13.5,0.25,1,214.1,3178,"AT_RISK"
42,"2025-07-21","DC-SEA","Seattle Distribution Center","Seattle","WA",47.6062,-122.3321,20911,1169,19.7,0.15,1,119.5,2923,"ELEVATED"
62,"2025-12-08","DC-SEA","Seattle Distribution Center","Seattle","WA",47.6062,-122.3321,24502,739,26,0,1,234.2,1848,"NORMAL"
7,"2024-11-18","DC-TOR","Toronto Distribution Center","Toronto","ON",43.6532,-79.3832,22039,617,23.8,0.3,4,282.7,1543,"AT_RISK"
22,"2025-03-03","DC-SEA","Seattle Distribution Center","Seattle","WA",47.6062,-122.3321,25848,817,24.3,0.25,1,234.4,2043,"AT_RISK"
12,"2024-12-23","DC-TOR","Toronto Distribution Center","Toronto","ON",43.6532,-79.3832,26957,567,13.2,0.3,3,336.4,1418,"AT_RISK"
19,"2025-02-10","DC-CHI","Chicago Distribution Center","Chicago","IL",41.8525,-87.6514,43602,1012,13.9,0.45,1,288.6,2530,"CRITICAL"
40,"2025-07-07","DC-ATL","Atlanta Distribution Center","Atlanta","GA",33.7537,-84.3863,33155,1294,25.4,0.15,3,196.7,3235,"ELEVATED"
27,"2025-04-07","DC-ATL","Atlanta Distribution Center","Atlanta","GA",33.7537,-84.3863,40758,1046,26.1,0.25,5,251.5,2615,"AT_RISK"
8,"2024-11-25","DC-ATL","Atlanta Distribution Center","Atlanta","GA",33.7537,-84.3863,25141,752,20.3,0.55,5,252.6,1880,"CRITICAL"
43,"2025-07-28","DC-NYC","New York Distribution Center","Brooklyn","NY",40.6501,-74.0139,47331,1883,24.4,0.15,1,174,4708,"ELEVATED"
46,"2025-08-18","DC-SEA","Seattle Distribution Center","Seattle","WA",47.6062,-122.3321,18212,1044,18.9,0.35,2,130.3,2610,"AT_RISK"
73,"2026-02-23","DC-SEA","Seattle Distribution Center","Seattle","WA",47.6062,-122.3321,28893,834,29,0,2,227.4,2085,"NORMAL"
14,"2025-01-06","DC-SEA","Seattle Distribution Center","Seattle","WA",47.6062,-122.3321,25104,699,18.9,0.25,1,237.3,1748,"AT_RISK"
70,"2026-02-02","DC-DAL","Dallas Distribution Center","Dallas","TX",32.7767,-96.797,36964,897,25,0,3,289.7,2243,"NORMAL"
18,"2025-02-03","DC-TOR","Toronto Distribution Center","Toronto","ON",43.6532,-79.3832,27029,570,10.7,0.45,3,306.2,1425,"CRITICAL"
84,"2026-05-11","DC-TOR","Toronto Distribution Center","Toronto","ON",43.6532,-79.3832,32119,895,22.3,0.18,2,262,2238,"ELEVATED"
75,"2026-03-09","DC-CHI","Chicago Distribution Center","Chicago","IL",41.8525,-87.6514,53142,1241,23,0,1,296.7,3103,"NORMAL"
21,"2025-02-24","DC-CHI","Chicago Distribution Center","Chicago","IL",41.8525,-87.6514,50043,1121,9.9,0.25,1,305.7,2803,"AT_RISK"
69,"2026-01-26","DC-ATL","Atlanta Distribution Center","Atlanta","GA",33.7537,-84.3863,41199,833,17,0,3,328.7,2083,"NORMAL"
32,"2025-05-12","DC-ATL","Atlanta Distribution Center","Atlanta","GA",33.7537,-84.3863,34972,1182,15.3,0.25,3,233.4,2955,"AT_RISK"
91,"2026-06-29","DC-TOR","Toronto Distribution Center","Toronto","ON",43.6532,-79.3832,29472,971,25.1,0.18,2,199,2428,"ELEVATED"
9,"2024-12-02","DC-CHI","Chicago Distribution Center","Chicago","IL",41.8525,-87.6514,38760,1012,17.1,0.25,2,260.4,2530,"AT_RISK"
24,"2025-03-17","DC-CHI","Chicago Distribution Center","Chicago","IL",41.8525,-87.6514,48107,1213,20.7,0.25,1,269.1,3033,"AT_RISK"
68,"2026-01-19","DC-ATL","Atlanta Distribution Center","Atlanta","GA",33.7537,-84.3863,39514,837,26,0,3,356.5,2093,"NORMAL"
17,"2025-01-27","DC-SEA","Seattle Distribution Center","Seattle","WA",47.6062,-122.3321,21313,702,9.9,0.25,1,245.6,1755,"AT_RISK"
16,"2025-01-20","DC-ATL","Atlanta Distribution Center","Atlanta","GA",33.7537,-84.3863,35025,771,16.2,0.25,3,298.1,1928,"AT_RISK"
12,"2024-12-23","DC-ATL","Atlanta Distribution Center","Atlanta","GA",33.7537,-84.3863,31784,780,14.4,0.25,3,323.7,1950,"AT_RISK"
10,"2024-12-09","DC-DAL","Dallas Distribution Center","Dallas","TX",32.7767,-96.797,27344,830,18.9,0.25,5,248,2075,"AT_RISK"
32,"2025-05-12","DC-TOR","Toronto Distribution Center","Toronto","ON",43.6532,-79.3832,30874,852,16,0.4,3,227.3,2130,"CRITICAL"
33,"2025-05-19","DC-TOR","Toronto Distribution Center","Toronto","ON",43.6532,-79.3832,28129,886,13.4,0.4,3,232.7,2215,"CRITICAL"
86,"2026-05-25","DC-CHI","Chicago Distribution Center","Chicago","IL",41.8525,-87.6514,52508,1652,12,0,1,212.6,4130,"NORMAL"
14,"2025-01-06","DC-NYC","New York Distribution Center","Brooklyn","NY",40.6501,-74.0139,47102,1127,19.4,0.3,1,263.4,2818,"AT_RISK"
86,"2026-05-25","DC-NYC","New York Distribution Center","Brooklyn","NY",40.6501,-74.0139,52595,1874,25.1,0.18,1,179.7,4685,"ELEVATED"
100,"2026-08-31","DC-DAL","Dallas Distribution Center","Dallas","TX",32.7767,-96.797,28398,1244,24.8,0.12,3,167,3110,"ELEVATED"
32,"2025-05-12","DC-CHI","Chicago Distribution Center","Chicago","IL",41.8525,-87.6514,43410,1471,23.5,0.4,2,212.1,3678,"CRITICAL"
67,"2026-01-12","DC-CHI","Chicago Distribution Center","Chicago","IL",41.8525,-87.6514,51653,1051,19,0,1,317.8,2628,"NORMAL"
43,"2025-07-28","DC-TOR","Toronto Distribution Center","Toronto","ON",43.6532,-79.3832,25902,948,28.2,0.15,2,211.9,2370,"ELEVATED"
62,"2025-12-08","DC-ATL","Atlanta Distribution Center","Atlanta","GA",33.7537,-84.3863,34410,825,25,0,4,331.7,2063,"NORMAL"
3,"2024-10-21","DC-DAL","Dallas Distribution Center","Dallas","TX",32.7767,-96.797,24494,979,14.4,0.25,5,190.2,2448,"AT_RISK"
22,"2025-03-03","DC-DAL","Dallas Distribution Center","Dallas","TX",32.7767,-96.797,35428,973,9.9,0.25,3,235,2433,"AT_RISK"
11,"2024-12-16","DC-SEA","Seattle Distribution Center","Seattle","WA",47.6062,-122.3321,18790,698,16.2,0.25,1,225,1745,"AT_RISK"
57,"2025-11-03","DC-SEA","Seattle Distribution Center","Seattle","WA",47.6062,-122.3321,26171,839,24,0,1,208.7,2098,"NORMAL"
83,"2026-05-04","DC-ATL","Atlanta Distribution Center","Atlanta","GA",33.7537,-84.3863,40983,1258,27,0,3,228.5,3145,"NORMAL"
62,"2025-12-08","DC-DAL","Dallas Distribution Center","Dallas","TX",32.7767,-96.797,34011,886,15,0,3,259.9,2215,"NORMAL"
19,"2025-02-10","DC-DAL","Dallas Distribution Center","Dallas","TX",32.7767,-96.797,33169,875,16.2,0.25,5,287.8,2188,"AT_RISK"
38,"2025-06-23","DC-SEA","Seattle Distribution Center","Seattle","WA",47.6062,-122.3321,21717,1155,12.6,0.25,2,154.3,2888,"AT_RISK"
26,"2025-03-31","DC-CHI","Chicago Distribution Center","Chicago","IL",41.8525,-87.6514,50121,1315,22.5,0.25,1,250.8,3288,"AT_RISK"
70,"2026-02-02","DC-CHI","Chicago Distribution Center","Chicago","IL",41.8525,-87.6514,51704,1108,22,0,1,335.4,2770,"NORMAL"
21,"2025-02-24","DC-DAL","Dallas Distribution Center","Dallas","TX",32.7767,-96.797,35799,947,23.4,0.25,5,234.5,2368,"AT_RISK"
38,"2025-06-23","DC-DAL","Dallas Distribution Center","Dallas","TX",32.7767,-96.797,33640,1343,13.5,0.25,3,153.3,3358,"AT_RISK"
52,"2025-09-29","DC-SEA","Seattle Distribution Center","Seattle","WA",47.6062,-122.3321,19547,891,11.2,0.35,1,154.6,2228,"AT_RISK"
54,"2025-10-13","DC-CHI","Chicago Distribution Center","Chicago","IL",41.8525,-87.6514,41148,1287,18.8,0.15,1,207.7,3218,"ELEVATED"
93,"2026-07-13","DC-TOR","Toronto Distribution Center","Toronto","ON",43.6532,-79.3832,33116,1010,27,0,2,226,2525,"NORMAL"
51,"2025-09-22","DC-ATL","Atlanta Distribution Center","Atlanta","GA",33.7537,-84.3863,31621,1065,23.5,0.15,3,212.4,2663,"ELEVATED"
57,"2025-11-03","DC-NYC","New York Distribution Center","Brooklyn","NY",40.6501,-74.0139,46933,1372,30,0,1,235.1,3430,"NORMAL"
95,"2026-07-27","DC-NYC","New York Distribution Center","Brooklyn","NY",40.6501,-74.0139,46576,1939,16,0,2,171.9,4848,"NORMAL"
41,"2025-07-14","DC-NYC","New York Distribution Center","Brooklyn","NY",40.6501,-74.0139,43648,1921,21.6,0.15,1,171.7,4803,"ELEVATED"
36,"2025-06-09","DC-NYC","New York Distribution Center","Brooklyn","NY",40.6501,-74.0139,46311,1904,21.6,0.25,2,173.5,4760,"AT_RISK"
16,"2025-01-20","DC-SEA","Seattle Distribution Center","Seattle","WA",47.6062,-122.3321,25167,711,15.3,0.25,1,239.3,1778,"AT_RISK"
57,"2025-11-03","DC-TOR","Toronto Distribution Center","Toronto","ON",43.6532,-79.3832,26483,680,16,0,2,280.1,1700,"NORMAL"
74,"2026-03-02","DC-ATL","Atlanta Distribution Center","Atlanta","GA",33.7537,-84.3863,43994,968,23,0,4,315.2,2420,"NORMAL"
62,"2025-12-08","DC-NYC","New York Distribution Center","Brooklyn","NY",40.6501,-74.0139,49567,1205,18,0,1,273.8,3013,"NORMAL"
79,"2026-04-06","DC-DAL","Dallas Distribution Center","Dallas","TX",32.7767,-96.797,39999,1188,21,0,4,235.7,2970,"NORMAL"
77,"2026-03-23","DC-SEA","Seattle Distribution Center","Seattle","WA",47.6062,-122.3321,29602,909,23.2,0.18,1,214.1,2273,"ELEVATED"
71,"2026-02-09","DC-CHI","Chicago Distribution Center","Chicago","IL",41.8525,-87.6514,55449,1113,25,0,2,334.6,2783,"NORMAL"
56,"2025-10-27","DC-ATL","Atlanta Distribution Center","Atlanta","GA",33.7537,-84.3863,29004,908,24.4,0.15,3,242.1,2270,"ELEVATED"
13,"2024-12-30","DC-NYC","New York Distribution Center","Brooklyn","NY",40.6501,-74.0139,45518,1140,16.7,0.3,1,269.2,2850,"AT_RISK"
7,"2024-11-18","DC-NYC","New York Distribution Center","Brooklyn","NY",40.6501,-74.0139,42326,1199,15.8,0.3,2,226.1,2998,"AT_RISK"
92,"2026-07-06","DC-SEA","Seattle Distribution Center","Seattle","WA",47.6062,-122.3321,22575,1190,20,0.12,2,123.7,2975,"ELEVATED"
64,"2025-12-22","DC-ATL","Atlanta Distribution Center","Atlanta","GA",33.7537,-84.3863,37360,803,10,0,3,350.4,2008,"NORMAL"
91,"2026-06-29","DC-ATL","Atlanta Distribution Center","Atlanta","GA",33.7537,-84.3863,40171,1366,18,0,3,203.2,3415,"NORMAL"
8,"2024-11-25","DC-NYC","New York Distribution Center","Brooklyn","NY",40.6501,-74.0139,40395,1183,13.2,0.3,2,230,2958,"AT_RISK"
51,"2025-09-22","DC-DAL","Dallas Distribution Center","Dallas","TX",32.7767,-96.797,24130,1070,19.2,0.5,4,131.5,2675,"CRITICAL"
2,"2024-10-14","DC-CHI","Chicago Distribution Center","Chicago","IL",41.8525,-87.6514,36601,1220,16.2,0.25,2,222.9,3050,"AT_RISK"
61,"2025-12-01","DC-SEA","Seattle Distribution Center","Seattle","WA",47.6062,-122.3321,24406,760,13,0,1,198.7,1900,"NORMAL"
40,"2025-07-07","DC-SEA","Seattle Distribution Center","Seattle","WA",47.6062,-122.3321,21112,1185,16.9,0.15,1,152,2963,"ELEVATED"
56,"2025-10-27","DC-CHI","Chicago Distribution Center","Chicago","IL",41.8525,-87.6514,38197,1160,13.2,0.15,1,248.1,2900,"ELEVATED"
44,"2025-08-04","DC-ATL","Atlanta Distribution Center","Atlanta","GA",33.7537,-84.3863,35111,1249,19.7,0.15,4,192.7,3123,"ELEVATED"
53,"2025-10-06","DC-ATL","Atlanta Distribution Center","Atlanta","GA",33.7537,-84.3863,32931,990,18.8,0.15,3,228.7,2475,"ELEVATED"
90,"2026-06-22","DC-ATL","Atlanta Distribution Center","Atlanta","GA",33.7537,-84.3863,41943,1353,25,0,3,208.3,3383,"NORMAL"
82,"2026-04-27","DC-TOR","Toronto Distribution Center","Toronto","ON",43.6532,-79.3832,32917,859,26,0.18,3,271,2148,"ELEVATED"
52,"2025-09-29","DC-TOR","Toronto Distribution Center","Toronto","ON",43.6532,-79.3832,28120,774,19.7,0.15,2,208.6,1935,"ELEVATED"
102,"2026-09-14","DC-TOR","Toronto Distribution Center","Toronto","ON",43.6532,-79.3832,30146,852,27,0,3,258.2,2130,"NORMAL"
47,"2025-08-25","DC-TOR","Toronto Distribution Center","Toronto","ON",43.6532,-79.3832,28274,893,11.3,0.15,2,197.1,2233,"ELEVATED"
89,"2026-06-15","DC-CHI","Chicago Distribution Center","Chicago","IL",41.8525,-87.6514,46500,1661,15.2,0.12,1,203.9,4153,"ELEVATED"
17,"2025-01-27","DC-NYC","New York Distribution Center","Brooklyn","NY",40.6501,-74.0139,43710,1167,24.6,0.3,1,295.3,2918,"AT_RISK"
58,"2025-11-10","DC-DAL","Dallas Distribution Center","Dallas","TX",32.7767,-96.797,32062,961,27,0,4,228.9,2403,"NORMAL"
26,"2025-03-31","DC-DAL","Dallas Distribution Center","Dallas","TX",32.7767,-96.797,35367,1081,22.5,0.25,3,246.1,2703,"AT_RISK"
99,"2026-08-24","DC-DAL","Dallas Distribution Center","Dallas","TX",32.7767,-96.797,27823,1273,11.4,0.12,3,169.3,3183,"ELEVATED"
101,"2026-09-07","DC-SEA","Seattle Distribution Center","Seattle","WA",47.6062,-122.3321,21978,1074,22,0,1,146.5,2685,"NORMAL"
54,"2025-10-13","DC-SEA","Seattle Distribution Center","Seattle","WA",47.6062,-122.3321,19747,885,22.6,0.15,1,164.1,2213,"ELEVATED"
39,"2025-06-30","DC-SEA","Seattle Distribution Center","Seattle","WA",47.6062,-122.3321,20067,1164,18.9,0.25,1,140,2910,"AT_RISK"
5,"2024-11-04","DC-NYC","New York Distribution Center","Brooklyn","NY",40.6501,-74.0139,37684,1285,15.3,0.25,1,202.8,3213,"AT_RISK"
24,"2025-03-17","DC-NYC","New York Distribution Center","Brooklyn","NY",40.6501,-74.0139,49767,1371,21.8,0.4,1,234.5,3428,"CRITICAL"
33,"2025-05-19","DC-SEA","Seattle Distribution Center","Seattle","WA",47.6062,-122.3321,26029,1096,20.7,0.25,1,153.9,2740,"AT_RISK"
53,"2025-10-06","DC-NYC","New York Distribution Center","Brooklyn","NY",40.6501,-74.0139,42796,1507,22.6,0.15,1,198.9,3768,"ELEVATED"
102,"2026-09-14","DC-NYC","New York Distribution Center","Brooklyn","NY",40.6501,-74.0139,48010,1673,14,0,1,202.3,4183,"NORMAL"
53,"2025-10-06","DC-SEA","Seattle Distribution Center","Seattle","WA",47.6062,-122.3321,18160,923,28.2,0.15,2,155,2308,"ELEVATED"
97,"2026-08-10","DC-ATL","Atlanta Distribution Center","Atlanta","GA",33.7537,-84.3863,34974,1303,25,0,3,204.3,3258,"NORMAL"
24,"2025-03-17","DC-ATL","Atlanta Distribution Center","Atlanta","GA",33.7537,-84.3863,37716,969,20.7,0.25,3,273.5,2423,"AT_RISK"
44,"2025-08-04","DC-NYC","New York Distribution Center","Brooklyn","NY",40.6501,-74.0139,46119,1862,19.7,0.15,1,175.2,4655,"ELEVATED"
67,"2026-01-12","DC-ATL","Atlanta Distribution Center","Atlanta","GA",33.7537,-84.3863,41630,808,14,0,3,349.9,2020,"NORMAL"
23,"2025-03-10","DC-DAL","Dallas Distribution Center","Dallas","TX",32.7767,-96.797,36966,994,20.7,0.25,4,229.6,2485,"AT_RISK"
69,"2026-01-26","DC-CHI","Chicago Distribution Center","Chicago","IL",41.8525,-87.6514,52867,1066,11,0,2,337.2,2665,"NORMAL"
96,"2026-08-03","DC-DAL","Dallas Distribution Center","Dallas","TX",32.7767,-96.797,31758,1336,19,0.12,4,155,3340,"ELEVATED"
102,"2026-09-14","DC-SEA","Seattle Distribution Center","Seattle","WA",47.6062,-122.3321,24315,1024,21,0,1,156.6,2560,"NORMAL"
56,"2025-10-27","DC-SEA","Seattle Distribution Center","Seattle","WA",47.6062,-122.3321,21227,836,21.6,0.15,2,161.2,2090,"ELEVATED"
88,"2026-06-08","DC-SEA","Seattle Distribution Center","Seattle","WA",47.6062,-122.3321,26316,1160,17.6,0.18,1,164.9,2900,"ELEVATED"
17,"2025-01-27","DC-ATL","Atlanta Distribution Center","Atlanta","GA",33.7537,-84.3863,33328,813,21.6,0.25,5,289.6,2033,"AT_RISK"
97,"2026-08-10","DC-SEA","Seattle Distribution Center","Seattle","WA",47.6062,-122.3321,19967,1136,10.5,0.12,1,136.1,2840,"ELEVATED"
11,"2024-12-16","DC-CHI","Chicago Distribution Center","Chicago","IL",41.8525,-87.6514,43673,986,25.2,0.25,2,296.4,2465,"AT_RISK"
71,"2026-02-09","DC-NYC","New York Distribution Center","Brooklyn","NY",40.6501,-74.0139,54308,1307,28,0,1,286.5,3268,"NORMAL"
58,"2025-11-10","DC-CHI","Chicago Distribution Center","Chicago","IL",41.8525,-87.6514,43684,1154,16,0,1,271.5,2885,"NORMAL"
33,"2025-05-19","DC-ATL","Atlanta Distribution Center","Atlanta","GA",33.7537,-84.3863,34578,1194,15.3,0.25,4,202.2,2985,"AT_RISK"
31,"2025-05-05","DC-SEA","Seattle Distribution Center","Seattle","WA",47.6062,-122.3321,23538,1045,18.9,0.25,1,155.2,2613,"AT_RISK"
71,"2026-02-09","DC-TOR","Toronto Distribution Center","Toronto","ON",43.6532,-79.3832,36431,652,28,0,3,349,1630,"NORMAL"
77,"2026-03-23","DC-CHI","Chicago Distribution Center","Chicago","IL",41.8525,-87.6514,55468,1301,29,0,1,290.7,3253,"NORMAL"
13,"2024-12-30","DC-ATL","Atlanta Distribution Center","Atlanta","GA",33.7537,-84.3863,32341,764,18,0.25,5,336.2,1910,"AT_RISK"
72,"2026-02-16","DC-NYC","New York Distribution Center","Brooklyn","NY",40.6501,-74.0139,56007,1325,12,0,1,312.8,3313,"NORMAL"
64,"2025-12-22","DC-SEA","Seattle Distribution Center","Seattle","WA",47.6062,-122.3321,23387,719,17,0,2,276.9,1798,"NORMAL"
64,"2025-12-22","DC-CHI","Chicago Distribution Center","Chicago","IL",41.8525,-87.6514,48033,1037,28,0,1,331.6,2593,"NORMAL"
29,"2025-04-21","DC-NYC","New York Distribution Center","Brooklyn","NY",40.6501,-74.0139,50897,1631,22.9,0.3,1,205.2,4078,"AT_RISK"
24,"2025-03-17","DC-SEA","Seattle Distribution Center","Seattle","WA",47.6062,-122.3321,27623,879,26.1,0.25,2,205.1,2198,"AT_RISK"
68,"2026-01-19","DC-TOR","Toronto Distribution Center","Toronto","ON",43.6532,-79.3832,31915,630,17,0,3,374.4,1575,"NORMAL"
46,"2025-08-18","DC-TOR","Toronto Distribution Center","Toronto","ON",43.6532,-79.3832,28387,918,14.1,0.15,3,224.3,2295,"ELEVATED"
2,"2024-10-14","DC-SEA","Seattle Distribution Center","Seattle","WA",47.6062,-122.3321,21929,864,18,0.25,2,154,2160,"AT_RISK"
17,"2025-01-27","DC-DAL","Dallas Distribution Center","Dallas","TX",32.7767,-96.797,34419,847,18.9,0.25,5,296.6,2118,"AT_RISK"
5,"2024-11-04","DC-ATL","Atlanta Distribution Center","Atlanta","GA",33.7537,-84.3863,25132,829,11.7,0.55,4,214.6,2073,"CRITICAL"
42,"2025-07-21","DC-NYC","New York Distribution Center","Brooklyn","NY",40.6501,-74.0139,45497,1901,15,0.15,1,159.4,4753,"ELEVATED"
38,"2025-06-23","DC-NYC","New York Distribution Center","Brooklyn","NY",40.6501,-74.0139,44677,1929,18,0.25,2,172.8,4823,"AT_RISK"
104,"2026-09-28","DC-CHI","Chicago Distribution Center","Chicago","IL",41.8525,-87.6514,41567,1372,11,0,1,204.9,3430,"NORMAL"
70,"2026-02-02","DC-SEA","Seattle Distribution Center","Seattle","WA",47.6062,-122.3321,30638,778,24,0,1,261.3,1945,"NORMAL"
66,"2026-01-05","DC-ATL","Atlanta Distribution Center","Atlanta","GA",33.7537,-84.3863,41797,796,22,0,3,349.7,1990,"NORMAL"
11,"2024-12-16","DC-DAL","Dallas Distribution Center","Dallas","TX",32.7767,-96.797,29772,831,25.2,0.25,4,241.4,2078,"AT_RISK"
1,"2024-10-07","DC-DAL","Dallas Distribution Center","Dallas","TX",32.7767,-96.797,28298,1048,18.9,0.25,4,159.6,2620,"AT_RISK"
63,"2025-12-15","DC-TOR","Toronto Distribution Center","Toronto","ON",43.6532,-79.3832,31535,612,15,0,3,374.8,1530,"NORMAL"
89,"2026-06-15","DC-TOR","Toronto Distribution Center","Toronto","ON",43.6532,-79.3832,32574,959,14.8,0.18,2,224,2398,"ELEVATED"
79,"2026-04-06","DC-TOR","Toronto Distribution Center","Toronto","ON",43.6532,-79.3832,33449,787,13.9,0.18,2,291.6,1968,"ELEVATED"
43,"2025-07-28","DC-CHI","Chicago Distribution Center","Chicago","IL",41.8525,-87.6514,44212,1618,25.4,0.15,1,178.2,4045,"ELEVATED"
94,"2026-07-20","DC-CHI","Chicago Distribution Center","Chicago","IL",41.8525,-87.6514,38287,1626,12.3,0.3,1,176.3,4065,"AT_RISK"
39,"2025-06-30","DC-ATL","Atlanta Distribution Center","Atlanta","GA",33.7537,-84.3863,31617,1289,26.1,0.25,5,188.4,3223,"AT_RISK"
18,"2025-02-03","DC-DAL","Dallas Distribution Center","Dallas","TX",32.7767,-96.797,35978,876,23.4,0.25,4,259.5,2190,"AT_RISK"
7,"2024-11-18","DC-DAL","Dallas Distribution Center","Dallas","TX",32.7767,-96.797,28688,889,26.1,0.25,4,235.1,2223,"AT_RISK"
56,"2025-10-27","DC-DAL","Dallas Distribution Center","Dallas","TX",32.7767,-96.797,28230,996,13.2,0.15,3,183.9,2490,"ELEVATED"
61,"2025-12-01","DC-CHI","Chicago Distribution Center","Chicago","IL",41.8525,-87.6514,44936,1082,14,0,2,279.6,2705,"NORMAL"
35,"2025-06-02","DC-CHI","Chicago Distribution Center","Chicago","IL",41.8525,-87.6514,42307,1616,22.5,0.25,1,196.5,4040,"AT_RISK"
50,"2025-09-15","DC-ATL","Atlanta Distribution Center","Atlanta","GA",33.7537,-84.3863,32138,1093,10.3,0.15,3,214.8,2733,"ELEVATED"
21,"2025-02-24","DC-ATL","Atlanta Distribution Center","Atlanta","GA",33.7537,-84.3863,38172,882,22.5,0.25,3,318.7,2205,"AT_RISK"
77,"2026-03-23","DC-DAL","Dallas Distribution Center","Dallas","TX",32.7767,-96.797,37553,1086,19,0,4,255.5,2715,"NORMAL"
84,"2026-05-11","DC-DAL","Dallas Distribution Center","Dallas","TX",32.7767,-96.797,36287,1355,19,0,3,209.7,3388,"NORMAL"
63,"2025-12-15","DC-DAL","Dallas Distribution Center","Dallas","TX",32.7767,-96.797,36230,864,30,0,3,261.6,2160,"NORMAL"
96,"2026-08-03","DC-NYC","New York Distribution Center","Brooklyn","NY",40.6501,-74.0139,48172,1915,10,0,2,180.5,4788,"NORMAL"
55,"2025-10-20","DC-DAL","Dallas Distribution Center","Dallas","TX",32.7767,-96.797,31202,1027,20.7,0.15,3,198.8,2568,"ELEVATED"
60,"2025-11-24","DC-ATL","Atlanta Distribution Center","Atlanta","GA",33.7537,-84.3863,36718,871,11,0,3,268.7,2178,"NORMAL"
53,"2025-10-06","DC-CHI","Chicago Distribution Center","Chicago","IL",41.8525,-87.6514,37078,1298,24.4,0.15,2,218.4,3245,"ELEVATED"
78,"2026-03-30","DC-TOR","Toronto Distribution Center","Toronto","ON",43.6532,-79.3832,35985,770,27.8,0.18,3,318.9,1925,"ELEVATED"
14,"2025-01-06","DC-ATL","Atlanta Distribution Center","Atlanta","GA",33.7537,-84.3863,35873,789,21.6,0.25,5,309.4,1973,"AT_RISK"
45,"2025-08-11","DC-DAL","Dallas Distribution Center","Dallas","TX",32.7767,-96.797,32452,1337,23.5,0.15,3,164.1,3343,"ELEVATED"
97,"2026-08-10","DC-TOR","Toronto Distribution Center","Toronto","ON",43.6532,-79.3832,30837,953,28,0,2,223.5,2383,"NORMAL"
94,"2026-07-20","DC-ATL","Atlanta Distribution Center","Atlanta","GA",33.7537,-84.3863,34478,1320,30,0,3,195.3,3300,"NORMAL"
28,"2025-04-14","DC-DAL","Dallas Distribution Center","Dallas","TX",32.7767,-96.797,38011,1175,12.6,0.25,4,195.7,2938,"AT_RISK"
100,"2026-08-31","DC-SEA","Seattle Distribution Center","Seattle","WA",47.6062,-122.3321,20326,1050,9.5,0.12,2,131.6,2625,"ELEVATED"
1,"2024-10-07","DC-CHI","Chicago Distribution Center","Chicago","IL",41.8525,-87.6514,36796,1278,24.3,0.25,1,212.2,3195,"AT_RISK"
19,"2025-02-10","DC-SEA","Seattle Distribution Center","Seattle","WA",47.6062,-122.3321,23053,742,11.7,0.25,1,249.5,1855,"AT_RISK"
9,"2024-12-02","DC-TOR","Toronto Distribution Center","Toronto","ON",43.6532,-79.3832,23533,569,15.8,0.3,4,333.8,1423,"AT_RISK"
13,"2024-12-30","DC-CHI","Chicago Distribution Center","Chicago","IL",41.8525,-87.6514,40905,973,11.7,0.25,1,311.8,2433,"AT_RISK"
45,"2025-08-11","DC-CHI","Chicago Distribution Center","Chicago","IL",41.8525,-87.6514,38100,1572,16,0.15,1,181,3930,"ELEVATED"
87,"2026-06-01","DC-CHI","Chicago Distribution Center","Chicago","IL",41.8525,-87.6514,48507,1632,15.2,0.12,1,214.5,4080,"ELEVATED"
62,"2025-12-08","DC-CHI","Chicago Distribution Center","Chicago","IL",41.8525,-87.6514,46417,1045,15,0,1,294.4,2613,"NORMAL"
47,"2025-08-25","DC-ATL","Atlanta Distribution Center","Atlanta","GA",33.7537,-84.3863,33880,1218,11.3,0.15,4,194.3,3045,"ELEVATED"
9,"2024-12-02","DC-ATL","Atlanta Distribution Center","Atlanta","GA",33.7537,-84.3863,25208,736,13.3,0.55,5,265.9,1840,"CRITICAL"
34,"2025-05-26","DC-NYC","New York Distribution Center","Brooklyn","NY",40.6501,-74.0139,46128,1802,18.9,0.25,2,191,4505,"AT_RISK"
47,"2025-08-25","DC-NYC","New York Distribution Center","Brooklyn","NY",40.6501,-74.0139,43712,1762,24.4,0.15,1,165.4,4405,"ELEVATED"
91,"2026-06-29","DC-DAL","Dallas Distribution Center","Dallas","TX",32.7767,-96.797,35947,1390,24.8,0.12,4,174.9,3475,"ELEVATED"
99,"2026-08-24","DC-SEA","Seattle Distribution Center","Seattle","WA",47.6062,-122.3321,22994,1078,21.9,0.12,2,141.9,2695,"ELEVATED"
85,"2026-05-18","DC-NYC","New York Distribution Center","Brooklyn","NY",40.6501,-74.0139,50732,1876,26.9,0.18,2,188.7,4690,"ELEVATED"
27,"2025-04-07","DC-DAL","Dallas Distribution Center","Dallas","TX",32.7767,-96.797,36850,1123,11.7,0.25,5,237.3,2808,"AT_RISK"
28,"2025-04-14","DC-ATL","Atlanta Distribution Center","Atlanta","GA",33.7537,-84.3863,38923,1078,24.3,0.25,3,237.1,2695,"AT_RISK"
79,"2026-04-06","DC-ATL","Atlanta Distribution Center","Atlanta","GA",33.7537,-84.3863,44895,1131,26,0,3,271.5,2828,"NORMAL"
58,"2025-11-10","DC-NYC","New York Distribution Center","Brooklyn","NY",40.6501,-74.0139,49801,1358,27,0,1,231.8,3395,"NORMAL"
16,"2025-01-20","DC-DAL","Dallas Distribution Center","Dallas","TX",32.7767,-96.797,31198,836,18,0.25,3,256.7,2090,"AT_RISK"
40,"2025-07-07","DC-DAL","Dallas Distribution Center","Dallas","TX",32.7767,-96.797,33864,1372,22.6,0.15,4,167.7,3430,"ELEVATED"
27,"2025-04-07","DC-CHI","Chicago Distribution Center","Chicago","IL",41.8525,-87.6514,45549,1364,20.7,0.25,2,238.9,3410,"AT_RISK"
100,"2026-08-31","DC-CHI","Chicago Distribution Center","Chicago","IL",41.8525,-87.6514,37510,1493,26.7,0.12,1,179.9,3733,"ELEVATED"
98,"2026-08-17","DC-ATL","Atlanta Distribution Center","Atlanta","GA",33.7537,-84.3863,35775,1278,19,0,4,201.7,3195,"NORMAL"
68,"2026-01-19","DC-DAL","Dallas Distribution Center","Dallas","TX",32.7767,-96.797,38377,897,21,0,3,273.2,2243,"NORMAL"
85,"2026-05-18","DC-CHI","Chicago Distribution Center","Chicago","IL",41.8525,-87.6514,53130,1611,23,0,1,222.3,4028,"NORMAL"
84,"2026-05-11","DC-CHI","Chicago Distribution Center","Chicago","IL",41.8525,-87.6514,52623,1610,10,0,2,238.4,4025,"NORMAL"
33,"2025-05-19","DC-NYC","New York Distribution Center","Brooklyn","NY",40.6501,-74.0139,51149,1831,21.6,0.25,1,194.7,4578,"AT_RISK"
13,"2024-12-30","DC-SEA","Seattle Distribution Center","Seattle","WA",47.6062,-122.3321,19559,698,9.9,0.25,2,219.7,1745,"AT_RISK"
81,"2026-04-20","DC-TOR","Toronto Distribution Center","Toronto","ON",43.6532,-79.3832,33947,851,18.6,0.18,2,257.5,2128,"ELEVATED"
51,"2025-09-22","DC-CHI","Chicago Distribution Center","Chicago","IL",41.8525,-87.6514,39493,1384,23.5,0.15,1,181.5,3460,"ELEVATED"
101,"2026-09-07","DC-DAL","Dallas Distribution Center","Dallas","TX",32.7767,-96.797,31042,1253,27,0,3,180.3,3133,"NORMAL"
9,"2024-12-02","DC-SEA","Seattle Distribution Center","Seattle","WA",47.6062,-122.3321,19346,722,15.3,0.25,1,210.9,1805,"AT_RISK"
46,"2025-08-18","DC-ATL","Atlanta Distribution Center","Atlanta","GA",33.7537,-84.3863,30576,1218,25.4,0.15,3,197.3,3045,"ELEVATED"
6,"2024-11-11","DC-ATL","Atlanta Distribution Center","Atlanta","GA",33.7537,-84.3863,22140,819,23.4,0.55,6,221.6,2048,"CRITICAL"
83,"2026-05-04","DC-NYC","New York Distribution Center","Brooklyn","NY",40.6501,-74.0139,53068,1719,27.8,0.18,1,208.3,4298,"ELEVATED"
12,"2024-12-23","DC-DAL","Dallas Distribution Center","Dallas","TX",32.7767,-96.797,32377,819,27,0.25,3,282.2,2048,"AT_RISK"
14,"2025-01-06","DC-DAL","Dallas Distribution Center","Dallas","TX",32.7767,-96.797,32525,825,27,0.25,4,245.9,2063,"AT_RISK"
96,"2026-08-03","DC-TOR","Toronto Distribution Center","Toronto","ON",43.6532,-79.3832,29707,958,25,0,2,207.1,2395,"NORMAL"
1,"2024-10-07","DC-TOR","Toronto Distribution Center","Toronto","ON",43.6532,-79.3832,24152,739,18,0.25,3,229.8,1848,"AT_RISK"
21,"2025-02-24","DC-NYC","New York Distribution Center","Brooklyn","NY",40.6501,-74.0139,48585,1305,13.2,0.3,1,258.2,3263,"AT_RISK"
44,"2025-08-04","DC-DAL","Dallas Distribution Center","Dallas","TX",32.7767,-96.797,30997,1321,16.9,0.15,3,155.4,3303,"ELEVATED"
91,"2026-06-29","DC-SEA","Seattle Distribution Center","Seattle","WA",47.6062,-122.3321,23662,1184,13.9,0.18,2,149.7,2960,"ELEVATED"
18,"2025-02-03","DC-SEA","Seattle Distribution Center","Seattle","WA",47.6062,-122.3321,24666,733,12.6,0.25,2,234.5,1833,"AT_RISK"
38,"2025-06-23","DC-TOR","Toronto Distribution Center","Toronto","ON",43.6532,-79.3832,29805,947,9,0.25,2,197.6,2368,"AT_RISK"
63,"2025-12-15","DC-SEA","Seattle Distribution Center","Seattle","WA",47.6062,-122.3321,26095,739,18,0,2,253.2,1848,"NORMAL"
61,"2025-12-01","DC-ATL","Atlanta Distribution Center","Atlanta","GA",33.7537,-84.3863,34649,845,12,0,4,314.5,2113,"NORMAL"
64,"2025-12-22","DC-NYC","New York Distribution Center","Brooklyn","NY",40.6501,-74.0139,51834,1176,29,0,2,311.4,2940,"NORMAL"
92,"2026-07-06","DC-DAL","Dallas Distribution Center","Dallas","TX",32.7767,-96.797,35471,1400,11.4,0.12,3,166.1,3500,"ELEVATED"
19,"2025-02-10","DC-TOR","Toronto Distribution Center","Toronto","ON",43.6532,-79.3832,24529,592,8.2,0.45,2,297.3,1480,"CRITICAL"
33,"2025-05-19","DC-CHI","Chicago Distribution Center","Chicago","IL",41.8525,-87.6514,44886,1533,11.8,0.4,1,192.4,3833,"CRITICAL"
25,"2025-03-24","DC-CHI","Chicago Distribution Center","Chicago","IL",41.8525,-87.6514,51077,1278,14.4,0.25,2,257.6,3195,"AT_RISK"
55,"2025-10-20","DC-CHI","Chicago Distribution Center","Chicago","IL",41.8525,-87.6514,38450,1210,20.7,0.15,1,226.5,3025,"ELEVATED"
100,"2026-08-31","DC-NYC","New York Distribution Center","Brooklyn","NY",40.6501,-74.0139,49220,1757,27,0,2,174.8,4393,"NORMAL"
5,"2024-11-04","DC-TOR","Toronto Distribution Center","Toronto","ON",43.6532,-79.3832,27798,658,21.6,0.25,2,265.9,1645,"AT_RISK"
16,"2025-01-20","DC-NYC","New York Distribution Center","Brooklyn","NY",40.6501,-74.0139,47618,1145,18.5,0.3,2,284.9,2863,"AT_RISK"
68,"2026-01-19","DC-NYC","New York Distribution Center","Brooklyn","NY",40.6501,-74.0139,53403,1221,19,0,1,320.4,3053,"NORMAL"
55,"2025-10-20","DC-NYC","New York Distribution Center","Brooklyn","NY",40.6501,-74.0139,44618,1405,21.6,0.15,1,197.6,3513,"ELEVATED"
95,"2026-07-27","DC-DAL","Dallas Distribution Center","Dallas","TX",32.7767,-96.797,29927,1392,21.9,0.12,4,149.7,3480,"ELEVATED"
94,"2026-07-20","DC-DAL","Dallas Distribution Center","Dallas","TX",32.7767,-96.797,33536,1379,14.3,0.12,3,161,3448,"ELEVATED"
76,"2026-03-16","DC-DAL","Dallas Distribution Center","Dallas","TX",32.7767,-96.797,39497,1074,18,0,3,280.2,2685,"NORMAL"
54,"2025-10-13","DC-TOR","Toronto Distribution Center","Toronto","ON",43.6532,-79.3832,23382,744,10.3,0.15,2,261.1,1860,"ELEVATED"
81,"2026-04-20","DC-CHI","Chicago Distribution Center","Chicago","IL",41.8525,-87.6514,55387,1473,22,0,1,266.6,3683,"NORMAL"
95,"2026-07-27","DC-TOR","Toronto Distribution Center","Toronto","ON",43.6532,-79.3832,30448,980,24,0,2,198.5,2450,"NORMAL"
5,"2024-11-04","DC-CHI","Chicago Distribution Center","Chicago","IL",41.8525,-87.6514,35572,1130,17.1,0.25,2,229.4,2825,"AT_RISK"
95,"2026-07-27","DC-ATL","Atlanta Distribution Center","Atlanta","GA",33.7537,-84.3863,39458,1322,25,0,3,193.4,3305,"NORMAL"
67,"2026-01-12","DC-DAL","Dallas Distribution Center","Dallas","TX",32.7767,-96.797,36717,858,21,0,4,307.3,2145,"NORMAL"
68,"2026-01-19","DC-SEA","Seattle Distribution Center","Seattle","WA",47.6062,-122.3321,27873,735,12,0,1,256.7,1838,"NORMAL"
98,"2026-08-17","DC-TOR","Toronto Distribution Center","Toronto","ON",43.6532,-79.3832,29928,931,21,0,3,200.1,2328,"NORMAL"
37,"2025-06-16","DC-ATL","Atlanta Distribution Center","Atlanta","GA",33.7537,-84.3863,37316,1259,25.2,0.25,5,186.6,3148,"AT_RISK"
103,"2026-09-21","DC-ATL","Atlanta Distribution Center","Atlanta","GA",33.7537,-84.3863,35703,1097,13,0,3,204.6,2743,"NORMAL"
104,"2026-09-28","DC-NYC","New York Distribution Center","Brooklyn","NY",40.6501,-74.0139,45940,1595,12,0,1,190.2,3988,"NORMAL"
22,"2025-03-03","DC-NYC","New York Distribution Center","Brooklyn","NY",40.6501,-74.0139,48919,1310,22.7,0.4,2,243.9,3275,"CRITICAL"
4,"2024-10-28","DC-DAL","Dallas Distribution Center","Dallas","TX",32.7767,-96.797,25314,960,13.5,0.25,3,207.6,2400,"AT_RISK"
48,"2025-09-01","DC-CHI","Chicago Distribution Center","Chicago","IL",41.8525,-87.6514,37044,1500,26.3,0.15,1,181.4,3750,"ELEVATED"
97,"2026-08-10","DC-DAL","Dallas Distribution Center","Dallas","TX",32.7767,-96.797,31860,1346,19,0.12,4,171.3,3365,"ELEVATED"
8,"2024-11-25","DC-SEA","Seattle Distribution Center","Seattle","WA",47.6062,-122.3321,20061,748,26.1,0.25,1,193.2,1870,"AT_RISK"
62,"2025-12-08","DC-TOR","Toronto Distribution Center","Toronto","ON",43.6532,-79.3832,32566,617,18,0,3,346,1543,"NORMAL"
30,"2025-04-28","DC-TOR","Toronto Distribution Center","Toronto","ON",43.6532,-79.3832,33028,847,23.8,0.3,2,265.4,2118,"AT_RISK"
73,"2026-02-23","DC-CHI","Chicago Distribution Center","Chicago","IL",41.8525,-87.6514,55680,1191,17,0,2,329.8,2978,"NORMAL"
61,"2025-12-01","DC-NYC","New York Distribution Center","Brooklyn","NY",40.6501,-74.0139,46274,1245,29,0,1,266.3,3113,"NORMAL"
80,"2026-04-13","DC-CHI","Chicago Distribution Center","Chicago","IL",41.8525,-87.6514,55946,1490,20,0,1,270.3,3725,"NORMAL"
37,"2025-06-16","DC-CHI","Chicago Distribution Center","Chicago","IL",41.8525,-87.6514,45414,1625,16.2,0.25,2,194.5,4063,"AT_RISK"
59,"2025-11-17","DC-CHI","Chicago Distribution Center","Chicago","IL",41.8525,-87.6514,42303,1114,24,0,1,294.9,2785,"NORMAL"
7,"2024-11-18","DC-ATL","Atlanta Distribution Center","Atlanta","GA",33.7537,-84.3863,23047,784,13.3,0.55,4,237,1960,"CRITICAL"
91,"2026-06-29","DC-NYC","New York Distribution Center","Brooklyn","NY",40.6501,-74.0139,49390,1930,17.6,0.18,1,166.1,4825,"ELEVATED"
82,"2026-04-27","DC-NYC","New York Distribution Center","Brooklyn","NY",40.6501,-74.0139,52875,1712,17.6,0.18,1,204.6,4280,"ELEVATED"
88,"2026-06-08","DC-NYC","New York Distribution Center","Brooklyn","NY",40.6501,-74.0139,50744,1879,14.8,0.18,2,179.6,4698,"ELEVATED"
76,"2026-03-16","DC-SEA","Seattle Distribution Center","Seattle","WA",47.6062,-122.3321,29320,880,24.1,0.18,2,190.2,2200,"ELEVATED"
60,"2025-11-24","DC-NYC","New York Distribution Center","Brooklyn","NY",40.6501,-74.0139,48922,1265,30,0,1,253.6,3163,"NORMAL"
28,"2025-04-14","DC-NYC","New York Distribution Center","Brooklyn","NY",40.6501,-74.0139,48757,1595,16.7,0.3,1,230.1,3988,"AT_RISK"
100,"2026-08-31","DC-TOR","Toronto Distribution Center","Toronto","ON",43.6532,-79.3832,31481,886,30,0,3,205.5,2215,"NORMAL"
32,"2025-05-12","DC-NYC","New York Distribution Center","Brooklyn","NY",40.6501,-74.0139,47200,1770,18.9,0.25,1,207.9,4425,"AT_RISK"
31,"2025-05-05","DC-NYC","New York Distribution Center","Brooklyn","NY",40.6501,-74.0139,52213,1732,18,0.25,1,196.3,4330,"AT_RISK"
25,"2025-03-24","DC-SEA","Seattle Distribution Center","Seattle","WA",47.6062,-122.3321,26943,906,18,0.25,1,204.5,2265,"AT_RISK"
65,"2025-12-29","DC-TOR","Toronto Distribution Center","Toronto","ON",43.6532,-79.3832,32114,596,27,0,2,383.4,1490,"NORMAL"
49,"2025-09-08","DC-TOR","Toronto Distribution Center","Toronto","ON",43.6532,-79.3832,28949,878,13.2,0.15,3,217.6,2195,"ELEVATED"
72,"2026-02-16","DC-SEA","Seattle Distribution Center","Seattle","WA",47.6062,-122.3321,29033,806,15,0,1,228.3,2015,"NORMAL"
58,"2025-11-10","DC-TOR","Toronto Distribution Center","Toronto","ON",43.6532,-79.3832,29051,664,15,0,2,316.4,1660,"NORMAL"
35,"2025-06-02","DC-NYC","New York Distribution Center","Brooklyn","NY",40.6501,-74.0139,48531,1871,9,0.25,2,183.6,4678,"AT_RISK"
81,"2026-04-20","DC-ATL","Atlanta Distribution Center","Atlanta","GA",33.7537,-84.3863,42120,1176,10,0,3,259.2,2940,"NORMAL"
26,"2025-03-31","DC-ATL","Atlanta Distribution Center","Atlanta","GA",33.7537,-84.3863,36748,1025,26.1,0.25,5,264.9,2563,"AT_RISK"
63,"2025-12-15","DC-ATL","Atlanta Distribution Center","Atlanta","GA",33.7537,-84.3863,36288,827,29,0,4,332.6,2068,"NORMAL"
57,"2025-11-03","DC-ATL","Atlanta Distribution Center","Atlanta","GA",33.7537,-84.3863,34915,913,24,0,3,290.1,2283,"NORMAL"
56,"2025-10-27","DC-NYC","New York Distribution Center","Brooklyn","NY",40.6501,-74.0139,40726,1374,11.3,0.15,1,223,3435,"ELEVATED"
104,"2026-09-28","DC-DAL","Dallas Distribution Center","Dallas","TX",32.7767,-96.797,28692,1162,23,0,3,193,2905,"NORMAL"
96,"2026-08-03","DC-SEA","Seattle Distribution Center","Seattle","WA",47.6062,-122.3321,20125,1137,12.4,0.12,2,127.4,2843,"ELEVATED"
16,"2025-01-20","DC-CHI","Chicago Distribution Center","Chicago","IL",41.8525,-87.6514,38585,975,13.1,0.45,2,263.3,2438,"CRITICAL"
85,"2026-05-18","DC-ATL","Atlanta Distribution Center","Atlanta","GA",33.7537,-84.3863,41283,1270,24,0,3,229.6,3175,"NORMAL"
10,"2024-12-09","DC-NYC","New York Distribution Center","Brooklyn","NY",40.6501,-74.0139,44324,1158,26.4,0.3,1,237.1,2895,"AT_RISK"
17,"2025-01-27","DC-CHI","Chicago Distribution Center","Chicago","IL",41.8525,-87.6514,37874,971,16.4,0.45,1,296.8,2428,"CRITICAL"
30,"2025-04-28","DC-CHI","Chicago Distribution Center","Chicago","IL",41.8525,-87.6514,44961,1452,27,0.25,1,215,3630,"AT_RISK"
99,"2026-08-24","DC-CHI","Chicago Distribution Center","Chicago","IL",41.8525,-87.6514,43244,1524,23.8,0.12,1,178.8,3810,"ELEVATED"
69,"2026-01-26","DC-NYC","New York Distribution Center","Brooklyn","NY",40.6501,-74.0139,54382,1234,21,0,1,318,3085,"NORMAL"
2,"2024-10-14","DC-DAL","Dallas Distribution Center","Dallas","TX",32.7767,-96.797,24009,1029,14.4,0.25,5,174.5,2573,"AT_RISK"
95,"2026-07-27","DC-SEA","Seattle Distribution Center","Seattle","WA",47.6062,-122.3321,22537,1152,15.2,0.12,1,125.5,2880,"ELEVATED"
50,"2025-09-15","DC-TOR","Toronto Distribution Center","Toronto","ON",43.6532,-79.3832,25899,826,19.7,0.15,3,243.9,2065,"ELEVATED"
34,"2025-05-26","DC-CHI","Chicago Distribution Center","Chicago","IL",41.8525,-87.6514,43545,1565,16.2,0.25,1,191.9,3913,"AT_RISK"
5,"2024-11-04","DC-SEA","Seattle Distribution Center","Seattle","WA",47.6062,-122.3321,18806,791,11.7,0.25,2,198.2,1978,"AT_RISK"
29,"2025-04-21","DC-DAL","Dallas Distribution Center","Dallas","TX",32.7767,-96.797,32961,1202,18,0.25,5,210,3005,"AT_RISK"
54,"2025-10-13","DC-NYC","New York Distribution Center","Brooklyn","NY",40.6501,-74.0139,43124,1477,17.9,0.15,1,191.1,3693,"ELEVATED"
46,"2025-08-18","DC-DAL","Dallas Distribution Center","Dallas","TX",32.7767,-96.797,31700,1313,16,0.15,4,164.2,3283,"ELEVATED"
87,"2026-06-01","DC-TOR","Toronto Distribution Center","Toronto","ON",43.6532,-79.3832,31162,944,27.8,0.18,2,217.7,2360,"ELEVATED"
52,"2025-09-29","DC-CHI","Chicago Distribution Center","Chicago","IL",41.8525,-87.6514,36130,1330,20.7,0.15,1,214.2,3325,"ELEVATED"
45,"2025-08-11","DC-SEA","Seattle Distribution Center","Seattle","WA",47.6062,-122.3321,21960,1123,13.2,0.15,2,141.3,2808,"ELEVATED"
15,"2025-01-13","DC-CHI","Chicago Distribution Center","Chicago","IL",41.8525,-87.6514,37898,928,10.7,0.45,2,304.4,2320,"CRITICAL"
88,"2026-06-08","DC-CHI","Chicago Distribution Center","Chicago","IL",41.8525,-87.6514,50622,1652,25.7,0.12,1,199.7,4130,"ELEVATED"
1,"2024-10-07","DC-ATL","Atlanta Distribution Center","Atlanta","GA",33.7537,-84.3863,27921,968,11.7,0.25,4,215.4,2420,"AT_RISK"
47,"2025-08-25","DC-CHI","Chicago Distribution Center","Chicago","IL",41.8525,-87.6514,42825,1524,19.7,0.15,1,180.9,3810,"ELEVATED"
74,"2026-03-02","DC-NYC","New York Distribution Center","Brooklyn","NY",40.6501,-74.0139,55417,1374,24.1,0.18,2,280.2,3435,"ELEVATED"
66,"2026-01-05","DC-DAL","Dallas Distribution Center","Dallas","TX",32.7767,-96.797,37143,856,21,0,3,292.1,2140,"NORMAL"
72,"2026-02-16","DC-DAL","Dallas Distribution Center","Dallas","TX",32.7767,-96.797,41281,943,24,0,3,271.3,2358,"NORMAL"
90,"2026-06-22","DC-TOR","Toronto Distribution Center","Toronto","ON",43.6532,-79.3832,29202,963,16.7,0.18,3,228.5,2408,"ELEVATED"
91,"2026-06-29","DC-CHI","Chicago Distribution Center","Chicago","IL",41.8525,-87.6514,47645,1692,28.6,0.12,1,190.2,4230,"ELEVATED"
74,"2026-03-02","DC-DAL","Dallas Distribution Center","Dallas","TX",32.7767,-96.797,39652,997,29,0,4,299.1,2493,"NORMAL"
76,"2026-03-16","DC-CHI","Chicago Distribution Center","Chicago","IL",41.8525,-87.6514,51875,1320,10,0,1,296.1,3300,"NORMAL"
50,"2025-09-15","DC-CHI","Chicago Distribution Center","Chicago","IL",41.8525,-87.6514,37739,1434,20.7,0.15,1,196,3585,"ELEVATED"
44,"2025-08-04","DC-CHI","Chicago Distribution Center","Chicago","IL",41.8525,-87.6514,39232,1619,24.4,0.15,1,186.1,4048,"ELEVATED"
23,"2025-03-10","DC-ATL","Atlanta Distribution Center","Atlanta","GA",33.7537,-84.3863,36454,942,13.5,0.25,3,287,2355,"AT_RISK"
40,"2025-07-07","DC-NYC","New York Distribution Center","Brooklyn","NY",40.6501,-74.0139,44353,1914,22.6,0.15,1,167.5,4785,"ELEVATED"
31,"2025-05-05","DC-DAL","Dallas Distribution Center","Dallas","TX",32.7767,-96.797,31750,1228,14.4,0.25,5,199.3,3070,"AT_RISK"
48,"2025-09-01","DC-DAL","Dallas Distribution Center","Dallas","TX",32.7767,-96.797,21738,1152,8,0.5,5,126.1,2880,"CRITICAL"
94,"2026-07-20","DC-SEA","Seattle Distribution Center","Seattle","WA",47.6062,-122.3321,22414,1191,23.8,0.12,1,143.4,2978,"ELEVATED"
48,"2025-09-01","DC-SEA","Seattle Distribution Center","Seattle","WA",47.6062,-122.3321,15676,1015,22.4,0.35,1,118.3,2538,"AT_RISK"
74,"2026-03-02","DC-CHI","Chicago Distribution Center","Chicago","IL",41.8525,-87.6514,54323,1204,20,0,1,313.2,3010,"NORMAL"
81,"2026-04-20","DC-NYC","New York Distribution Center","Brooklyn","NY",40.6501,-74.0139,55536,1655,22.3,0.18,1,236,4138,"ELEVATED"
31,"2025-05-05","DC-CHI","Chicago Distribution Center","Chicago","IL",41.8525,-87.6514,42970,1440,24.4,0.4,1,216,3600,"CRITICAL"
4,"2024-10-28","DC-ATL","Atlanta Distribution Center","Atlanta","GA",33.7537,-84.3863,28293,909,10.8,0.25,5,234.4,2273,"AT_RISK"
48,"2025-09-01","DC-NYC","New York Distribution Center","Brooklyn","NY",40.6501,-74.0139,43691,1752,16.9,0.15,2,175.7,4380,"ELEVATED"
44,"2025-08-04","DC-TOR","Toronto Distribution Center","Toronto","ON",43.6532,-79.3832,25543,946,27.3,0.15,2,193.1,2365,"ELEVATED"
21,"2025-02-24","DC-SEA","Seattle Distribution Center","Seattle","WA",47.6062,-122.3321,23966,792,9.9,0.25,2,240.7,1980,"AT_RISK"
98,"2026-08-17","DC-CHI","Chicago Distribution Center","Chicago","IL",41.8525,-87.6514,43108,1580,28.6,0.12,1,191.4,3950,"ELEVATED"
59,"2025-11-17","DC-TOR","Toronto Distribution Center","Toronto","ON",43.6532,-79.3832,28977,652,19,0,3,292.9,1630,"NORMAL"
23,"2025-03-10","DC-CHI","Chicago Distribution Center","Chicago","IL",41.8525,-87.6514,45488,1184,18.9,0.25,2,268.2,2960,"AT_RISK"
75,"2026-03-09","DC-NYC","New York Distribution Center","Brooklyn","NY",40.6501,-74.0139,53649,1391,19.5,0.18,1,273.6,3478,"ELEVATED"
9,"2024-12-02","DC-NYC","New York Distribution Center","Brooklyn","NY",40.6501,-74.0139,39461,1181,14.1,0.3,1,245.9,2953,"AT_RISK"
1,"2024-10-07","DC-NYC","New York Distribution Center","Brooklyn","NY",40.6501,-74.0139,37707,1483,17.1,0.25,2,191.6,3708,"AT_RISK"
65,"2025-12-29","DC-DAL","Dallas Distribution Center","Dallas","TX",32.7767,-96.797,33657,858,14,0,4,292.8,2145,"NORMAL"
66,"2026-01-05","DC-SEA","Seattle Distribution Center","Seattle","WA",47.6062,-122.3321,24553,727,29,0,2,229.9,1818,"NORMAL"
18,"2025-02-03","DC-CHI","Chicago Distribution Center","Chicago","IL",41.8525,-87.6514,40793,979,10.7,0.45,1,273.4,2448,"CRITICAL"
82,"2026-04-27","DC-CHI","Chicago Distribution Center","Chicago","IL",41.8525,-87.6514,55389,1562,20,0,1,252.6,3905,"NORMAL"
57,"2025-11-03","DC-DAL","Dallas Distribution Center","Dallas","TX",32.7767,-96.797,31746,991,29,0,3,244.8,2478,"NORMAL"
3,"2024-10-21","DC-SEA","Seattle Distribution Center","Seattle","WA",47.6062,-122.3321,22119,831,18,0.25,1,141.8,2078,"AT_RISK"
49,"2025-09-08","DC-NYC","New York Distribution Center","Brooklyn","NY",40.6501,-74.0139,44127,1680,15,0.15,1,186.6,4200,"ELEVATED"
46,"2025-08-18","DC-NYC","New York Distribution Center","Brooklyn","NY",40.6501,-74.0139,43986,1779,17.9,0.15,1,169.6,4448,"ELEVATED"
103,"2026-09-21","DC-DAL","Dallas Distribution Center","Dallas","TX",32.7767,-96.797,33110,1188,30,0,3,199.6,2970,"NORMAL"
47,"2025-08-25","DC-DAL","Dallas Distribution Center","Dallas","TX",32.7767,-96.797,28238,1254,9.4,0.15,4,150.1,3135,"ELEVATED"
11,"2024-12-16","DC-ATL","Atlanta Distribution Center","Atlanta","GA",33.7537,-84.3863,33695,768,25.2,0.25,4,292.8,1920,"AT_RISK"
32,"2025-05-12","DC-DAL","Dallas Distribution Center","Dallas","TX",32.7767,-96.797,35121,1252,27,0.25,3,191.2,3130,"AT_RISK"
86,"2026-05-25","DC-ATL","Atlanta Distribution Center","Atlanta","GA",33.7537,-84.3863,43276,1279,16,0,3,218,3198,"NORMAL"
27,"2025-04-07","DC-NYC","New York Distribution Center","Brooklyn","NY",40.6501,-74.0139,48034,1528,26.4,0.3,1,231,3820,"AT_RISK"
30,"2025-04-28","DC-NYC","New York Distribution Center","Brooklyn","NY",40.6501,-74.0139,49065,1681,14.1,0.3,1,214.1,4203,"AT_RISK"
34,"2025-05-26","DC-DAL","Dallas Distribution Center","Dallas","TX",32.7767,-96.797,33364,1332,14.4,0.25,3,185.3,3330,"AT_RISK"
17,"2025-01-27","DC-TOR","Toronto Distribution Center","Toronto","ON",43.6532,-79.3832,28662,573,19.7,0.45,2,357.4,1433,"CRITICAL"
29,"2025-04-21","DC-TOR","Toronto Distribution Center","Toronto","ON",43.6532,-79.3832,31893,818,8.8,0.3,3,240.4,2045,"AT_RISK"
95,"2026-07-27","DC-CHI","Chicago Distribution Center","Chicago","IL",41.8525,-87.6514,36681,1601,19.4,0.3,2,173.5,4003,"AT_RISK"
68,"2026-01-19","DC-CHI","Chicago Distribution Center","Chicago","IL",41.8525,-87.6514,53018,1052,18,0,1,353,2630,"NORMAL"
50,"2025-09-15","DC-NYC","New York Distribution Center","Brooklyn","NY",40.6501,-74.0139,42323,1613,13.2,0.15,1,171.1,4033,"ELEVATED"
88,"2026-06-08","DC-DAL","Dallas Distribution Center","Dallas","TX",32.7767,-96.797,36481,1340,28.6,0.12,4,191.9,3350,"ELEVATED"
28,"2025-04-14","DC-SEA","Seattle Distribution Center","Seattle","WA",47.6062,-122.3321,27496,990,18,0.25,2,189.2,2475,"AT_RISK"
18,"2025-02-03","DC-ATL","Atlanta Distribution Center","Atlanta","GA",33.7537,-84.3863,39269,810,27,0.25,3,335,2025,"AT_RISK"
78,"2026-03-30","DC-ATL","Atlanta Distribution Center","Atlanta","GA",33.7537,-84.3863,43734,1079,26,0,3,285.7,2698,"NORMAL"
83,"2026-05-04","DC-TOR","Toronto Distribution Center","Toronto","ON",43.6532,-79.3832,35090,914,9.3,0.18,2,258.9,2285,"ELEVATED"
65,"2025-12-29","DC-ATL","Atlanta Distribution Center","Atlanta","GA",33.7537,-84.3863,40916,804,27,0,3,359.7,2010,"NORMAL"
99,"2026-08-24","DC-ATL","Atlanta Distribution Center","Atlanta","GA",33.7537,-84.3863,35155,1213,23,0,3,198.2,3033,"NORMAL"
98,"2026-08-17","DC-NYC","New York Distribution Center","Brooklyn","NY",40.6501,-74.0139,48205,1859,27,0,2,177,4648,"NORMAL"
98,"2026-08-17","DC-DAL","Dallas Distribution Center","Dallas","TX",32.7767,-96.797,28493,1308,21.9,0.12,3,164.4,3270,"ELEVATED"
53,"2025-10-06","DC-TOR","Toronto Distribution Center","Toronto","ON",43.6532,-79.3832,24758,756,24.4,0.15,2,241.5,1890,"ELEVATED"
7,"2024-11-18","DC-CHI","Chicago Distribution Center","Chicago","IL",41.8525,-87.6514,39030,1068,11.7,0.25,1,267.3,2670,"AT_RISK"
66,"2026-01-05","DC-CHI","Chicago Distribution Center","Chicago","IL",41.8525,-87.6514,48246,1034,27,0,2,330.9,2585,"NORMAL"
104,"2026-09-28","DC-ATL","Atlanta Distribution Center","Atlanta","GA",33.7537,-84.3863,34617,1097,30,0,3,206.8,2743,"NORMAL"
59,"2025-11-17","DC-DAL","Dallas Distribution Center","Dallas","TX",32.7767,-96.797,32207,917,11,0,3,258.2,2293,"NORMAL"
46,"2025-08-18","DC-CHI","Chicago Distribution Center","Chicago","IL",41.8525,-87.6514,40790,1583,20.7,0.15,1,173,3958,"ELEVATED"
83,"2026-05-04","DC-DAL","Dallas Distribution Center","Dallas","TX",32.7767,-96.797,36924,1337,19,0,4,208.4,3343,"NORMAL"
10,"2024-12-09","DC-SEA","Seattle Distribution Center","Seattle","WA",47.6062,-122.3321,18657,697,20.7,0.25,1,186.8,1743,"AT_RISK"
73,"2026-02-23","DC-NYC","New York Distribution Center","Brooklyn","NY",40.6501,-74.0139,59121,1375,29,0,1,292.2,3438,"NORMAL"
59,"2025-11-17","DC-NYC","New York Distribution Center","Brooklyn","NY",40.6501,-74.0139,48248,1313,27,0,1,240.7,3283,"NORMAL"
76,"2026-03-16","DC-NYC","New York Distribution Center","Brooklyn","NY",40.6501,-74.0139,51186,1465,26,0.18,1,260.1,3663,"ELEVATED"
3,"2024-10-21","DC-NYC","New York Distribution Center","Brooklyn","NY",40.6501,-74.0139,37261,1379,11.7,0.25,2,198,3448,"AT_RISK"
80,"2026-04-13","DC-SEA","Seattle Distribution Center","Seattle","WA",47.6062,-122.3321,28944,978,18.6,0.18,1,208.2,2445,"ELEVATED"
66,"2026-01-05","DC-TOR","Toronto Distribution Center","Toronto","ON",43.6532,-79.3832,33948,596,22,0,2,415.3,1490,"NORMAL"
23,"2025-03-10","DC-TOR","Toronto Distribution Center","Toronto","ON",43.6532,-79.3832,32323,685,14.1,0.3,2,331.1,1713,"AT_RISK"
75,"2026-03-09","DC-TOR","Toronto Distribution Center","Toronto","ON",43.6532,-79.3832,32934,715,13,0.18,2,311.9,1788,"ELEVATED"
88,"2026-06-08","DC-TOR","Toronto Distribution Center","Toronto","ON",43.6532,-79.3832,32718,959,13,0.18,2,231.4,2398,"ELEVATED"
15,"2025-01-13","DC-NYC","New York Distribution Center","Brooklyn","NY",40.6501,-74.0139,47955,1121,11.4,0.3,2,267.3,2803,"AT_RISK"
2,"2024-10-14","DC-NYC","New York Distribution Center","Brooklyn","NY",40.6501,-74.0139,40942,1415,16.2,0.25,1,194.8,3538,"AT_RISK"
20,"2025-02-17","DC-DAL","Dallas Distribution Center","Dallas","TX",32.7767,-96.797,35798,923,13.5,0.25,5,251.7,2308,"AT_RISK"
8,"2024-11-25","DC-TOR","Toronto Distribution Center","Toronto","ON",43.6532,-79.3832,22382,609,22.9,0.3,4,252.9,1523,"AT_RISK"
98,"2026-08-17","DC-SEA","Seattle Distribution Center","Seattle","WA",47.6062,-122.3321,19351,1089,11.4,0.12,1,141.3,2723,"ELEVATED"
1,"2024-10-07","DC-SEA","Seattle Distribution Center","Seattle","WA",47.6062,-122.3321,16712,885,17.1,0.25,1,160.3,2213,"AT_RISK"
97,"2026-08-10","DC-CHI","Chicago Distribution Center","Chicago","IL",41.8525,-87.6514,34562,1516,26.4,0.3,2,165.2,3790,"AT_RISK"
92,"2026-07-06","DC-CHI","Chicago Distribution Center","Chicago","IL",41.8525,-87.6514,45659,1688,28.6,0.12,1,185.9,4220,"ELEVATED"
103,"2026-09-21","DC-CHI","Chicago Distribution Center","Chicago","IL",41.8525,-87.6514,39933,1401,19,0,1,210.7,3503,"NORMAL"
86,"2026-05-25","DC-SEA","Seattle Distribution Center","Seattle","WA",47.6062,-122.3321,23612,1121,14.8,0.18,1,151.9,2803,"ELEVATED"
39,"2025-06-30","DC-TOR","Toronto Distribution Center","Toronto","ON",43.6532,-79.3832,29294,975,11.7,0.25,2,185,2438,"AT_RISK"
79,"2026-04-06","DC-CHI","Chicago Distribution Center","Chicago","IL",41.8525,-87.6514,54467,1447,26,0,1,271.7,3618,"NORMAL"
20,"2025-02-17","DC-TOR","Toronto Distribution Center","Toronto","ON",43.6532,-79.3832,26291,617,20.5,0.45,4,280.4,1543,"CRITICAL"
76,"2026-03-16","DC-ATL","Atlanta Distribution Center","Atlanta","GA",33.7537,-84.3863,41092,1006,11,0,3,312.1,2515,"NORMAL"
49,"2025-09-08","DC-DAL","Dallas Distribution Center","Dallas","TX",32.7767,-96.797,22557,1132,13.6,0.5,6,149,2830,"CRITICAL"
4,"2024-10-28","DC-TOR","Toronto Distribution Center","Toronto","ON",43.6532,-79.3832,22001,672,15.3,0.25,2,248.2,1680,"AT_RISK"
49,"2025-09-08","DC-CHI","Chicago Distribution Center","Chicago","IL",41.8525,-87.6514,37322,1448,11.3,0.15,2,197,3620,"ELEVATED"
6,"2024-11-11","DC-CHI","Chicago Distribution Center","Chicago","IL",41.8525,-87.6514,38427,1079,11.7,0.25,1,234.4,2698,"AT_RISK"
2,"2024-10-14","DC-TOR","Toronto Distribution Center","Toronto","ON",43.6532,-79.3832,22857,709,18,0.25,3,235.4,1773,"AT_RISK"
20,"2025-02-17","DC-ATL","Atlanta Distribution Center","Atlanta","GA",33.7537,-84.3863,36532,862,11.7,0.25,5,285.8,2155,"AT_RISK"
80,"2026-04-13","DC-TOR","Toronto Distribution Center","Toronto","ON",43.6532,-79.3832,31559,828,27.8,0.18,2,293.8,2070,"ELEVATED"
35,"2025-06-02","DC-DAL","Dallas Distribution Center","Dallas","TX",32.7767,-96.797,33055,1325,26.1,0.25,5,189.8,3313,"AT_RISK"
34,"2025-05-26","DC-ATL","Atlanta Distribution Center","Atlanta","GA",33.7537,-84.3863,39166,1235,18,0.25,3,199.2,3088,"AT_RISK"
50,"2025-09-15","DC-SEA","Seattle Distribution Center","Seattle","WA",47.6062,-122.3321,17855,945,21.5,0.35,1,154.7,2363,"AT_RISK"
11,"2024-12-16","DC-TOR","Toronto Distribution Center","Toronto","ON",43.6532,-79.3832,27450,574,19.4,0.3,3,314,1435,"AT_RISK"
61,"2025-12-01","DC-TOR","Toronto Distribution Center","Toronto","ON",43.6532,-79.3832,29029,635,17,0,3,359.9,1588,"NORMAL"
28,"2025-04-14","DC-CHI","Chicago Distribution Center","Chicago","IL",41.8525,-87.6514,49470,1383,23.4,0.25,1,241,3458,"AT_RISK"
93,"2026-07-13","DC-NYC","New York Distribution Center","Brooklyn","NY",40.6501,-74.0139,52349,1954,23,0,1,183.3,4885,"NORMAL"
87,"2026-06-01","DC-NYC","New York Distribution Center","Brooklyn","NY",40.6501,-74.0139,47605,1880,12.1,0.18,1,180.5,4700,"ELEVATED"
66,"2026-01-05","DC-NYC","New York Distribution Center","Brooklyn","NY",40.6501,-74.0139,53058,1200,29,0,2,309.7,3000,"NORMAL"
90,"2026-06-22","DC-DAL","Dallas Distribution Center","Dallas","TX",32.7767,-96.797,34629,1407,24.8,0.12,3,166.3,3518,"ELEVATED"
52,"2025-09-29","DC-DAL","Dallas Distribution Center","Dallas","TX",32.7767,-96.797,23817,1030,17.6,0.5,4,149.7,2575,"CRITICAL"
90,"2026-06-22","DC-SEA","Seattle Distribution Center","Seattle","WA",47.6062,-122.3321,24047,1164,26,0.18,2,131.2,2910,"ELEVATED"
70,"2026-02-02","DC-TOR","Toronto Distribution Center","Toronto","ON",43.6532,-79.3832,37000,633,28,0,3,386.8,1583,"NORMAL"
35,"2025-06-02","DC-TOR","Toronto Distribution Center","Toronto","ON",43.6532,-79.3832,31271,938,18.9,0.25,2,210.6,2345,"AT_RISK"
96,"2026-08-03","DC-ATL","Atlanta Distribution Center","Atlanta","GA",33.7537,-84.3863,35529,1316,13,0,3,189.5,3290,"NORMAL"
45,"2025-08-11","DC-NYC","New York Distribution Center","Brooklyn","NY",40.6501,-74.0139,43042,1814,21.6,0.15,1,178,4535,"ELEVATED"
29,"2025-04-21","DC-SEA","Seattle Distribution Center","Seattle","WA",47.6062,-122.3321,23838,1003,26.1,0.25,1,193.1,2508,"AT_RISK"
78,"2026-03-30","DC-SEA","Seattle Distribution Center","Seattle","WA",47.6062,-122.3321,28757,937,10.2,0.18,1,185.2,2343,"ELEVATED"
82,"2026-04-27","DC-SEA","Seattle Distribution Center","Seattle","WA",47.6062,-122.3321,24182,1048,11.1,0.18,2,175.7,2620,"ELEVATED"
87,"2026-06-01","DC-SEA","Seattle Distribution Center","Seattle","WA",47.6062,-122.3321,27524,1152,9.3,0.18,2,141.5,2880,"ELEVATED"
12,"2024-12-23","DC-SEA","Seattle Distribution Center","Seattle","WA",47.6062,-122.3321,22502,681,12.6,0.25,1,208.7,1703,"AT_RISK"
10,"2024-12-09","DC-CHI","Chicago Distribution Center","Chicago","IL",41.8525,-87.6514,42517,1021,23.4,0.25,1,269.9,2553,"AT_RISK"
72,"2026-02-16","DC-CHI","Chicago Distribution Center","Chicago","IL",41.8525,-87.6514,53958,1143,19,0,1,333,2858,"NORMAL"
85,"2026-05-18","DC-TOR","Toronto Distribution Center","Toronto","ON",43.6532,-79.3832,34558,942,16.7,0.18,3,255.8,2355,"ELEVATED"
41,"2025-07-14","DC-CHI","Chicago Distribution Center","Chicago","IL",41.8525,-87.6514,44329,1675,26.3,0.15,2,176.5,4188,"ELEVATED"
93,"2026-07-13","DC-DAL","Dallas Distribution Center","Dallas","TX",32.7767,-96.797,30076,1396,11.4,0.12,3,149.6,3490,"ELEVATED"
72,"2026-02-16","DC-TOR","Toronto Distribution Center","Toronto","ON",43.6532,-79.3832,37558,676,14,0,3,369,1690,"NORMAL"
102,"2026-09-14","DC-DAL","Dallas Distribution Center","Dallas","TX",32.7767,-96.797,33342,1206,29,0,3,179.8,3015,"NORMAL"
84,"2026-05-11","DC-ATL","Atlanta Distribution Center","Atlanta","GA",33.7537,-84.3863,40069,1265,25,0,3,247.4,3163,"NORMAL"
7,"2024-11-18","DC-SEA","Seattle Distribution Center","Seattle","WA",47.6062,-122.3321,19788,766,10.8,0.25,2,196.3,1915,"AT_RISK"
94,"2026-07-20","DC-TOR","Toronto Distribution Center","Toronto","ON",43.6532,-79.3832,30647,983,27,0,3,200.2,2458,"NORMAL"
14,"2025-01-06","DC-CHI","Chicago Distribution Center","Chicago","IL",41.8525,-87.6514,45871,978,24.3,0.25,2,322.9,2445,"AT_RISK"
43,"2025-07-28","DC-ATL","Atlanta Distribution Center","Atlanta","GA",33.7537,-84.3863,34252,1269,23.5,0.15,3,191.2,3173,"ELEVATED"
63,"2025-12-15","DC-NYC","New York Distribution Center","Brooklyn","NY",40.6501,-74.0139,50353,1222,11,0,2,274.7,3055,"NORMAL"
78,"2026-03-30","DC-DAL","Dallas Distribution Center","Dallas","TX",32.7767,-96.797,42225,1145,30,0,4,262.7,2863,"NORMAL"
78,"2026-03-30","DC-NYC","New York Distribution Center","Brooklyn","NY",40.6501,-74.0139,54391,1545,10.2,0.18,2,246,3863,"ELEVATED"
37,"2025-06-16","DC-NYC","New York Distribution Center","Brooklyn","NY",40.6501,-74.0139,46336,1908,14.4,0.25,1,162.8,4770,"AT_RISK"
39,"2025-06-30","DC-NYC","New York Distribution Center","Brooklyn","NY",40.6501,-74.0139,45508,1919,19.8,0.25,1,171.3,4798,"AT_RISK"
9,"2024-12-02","DC-DAL","Dallas Distribution Center","Dallas","TX",32.7767,-96.797,31728,856,16.2,0.25,5,248,2140,"AT_RISK"
32,"2025-05-12","DC-SEA","Seattle Distribution Center","Seattle","WA",47.6062,-122.3321,24490,1063,9.9,0.25,1,180.4,2658,"AT_RISK"
65,"2025-12-29","DC-CHI","Chicago Distribution Center","Chicago","IL",41.8525,-87.6514,50763,1033,19,0,1,325.7,2583,"NORMAL"
92,"2026-07-06","DC-ATL","Atlanta Distribution Center","Atlanta","GA",33.7537,-84.3863,38041,1342,30,0,3,193.6,3355,"NORMAL"
15,"2025-01-13","DC-ATL","Atlanta Distribution Center","Atlanta","GA",33.7537,-84.3863,37880,784,26.1,0.25,5,307.1,1960,"AT_RISK"
73,"2026-02-23","DC-ATL","Atlanta Distribution Center","Atlanta","GA",33.7537,-84.3863,45068,930,22,0,3,321,2325,"NORMAL"
4,"2024-10-28","DC-NYC","New York Distribution Center","Brooklyn","NY",40.6501,-74.0139,41949,1341,9.9,0.25,1,202.8,3353,"AT_RISK"
50,"2025-09-15","DC-DAL","Dallas Distribution Center","Dallas","TX",32.7767,-96.797,23500,1094,16.8,0.5,5,130.2,2735,"CRITICAL"
51,"2025-09-22","DC-SEA","Seattle Distribution Center","Seattle","WA",47.6062,-122.3321,20515,914,12.9,0.35,2,156.6,2285,"AT_RISK"
41,"2025-07-14","DC-ATL","Atlanta Distribution Center","Atlanta","GA",33.7537,-84.3863,34102,1321,28.2,0.15,4,189.7,3303,"ELEVATED"
15,"2025-01-13","DC-SEA","Seattle Distribution Center","Seattle","WA",47.6062,-122.3321,20413,693,9,0.25,1,261.3,1733,"AT_RISK"
29,"2025-04-21","DC-ATL","Atlanta Distribution Center","Atlanta","GA",33.7537,-84.3863,40015,1109,26.1,0.25,4,230.3,2773,"AT_RISK"
92,"2026-07-06","DC-NYC","New York Distribution Center","Brooklyn","NY",40.6501,-74.0139,51275,2020,14,0,1,178,5050,"NORMAL"
90,"2026-06-22","DC-CHI","Chicago Distribution Center","Chicago","IL",41.8525,-87.6514,47089,1688,23.8,0.12,1,195.2,4220,"ELEVATED"
59,"2025-11-17","DC-SEA","Seattle Distribution Center","Seattle","WA",47.6062,-122.3321,24160,784,20,0,2,206.8,1960,"NORMAL"
78,"2026-03-30","DC-CHI","Chicago Distribution Center","Chicago","IL",41.8525,-87.6514,52123,1354,21,0,2,288,3385,"NORMAL"
69,"2026-01-26","DC-DAL","Dallas Distribution Center","Dallas","TX",32.7767,-96.797,37498,908,27,0,3,298.6,2270,"NORMAL"
69,"2026-01-26","DC-SEA","Seattle Distribution Center","Seattle","WA",47.6062,-122.3321,26680,750,19,0,2,271.2,1875,"NORMAL"
45,"2025-08-11","DC-TOR","Toronto Distribution Center","Toronto","ON",43.6532,-79.3832,29830,930,14.1,0.15,2,199.7,2325,"ELEVATED"
99,"2026-08-24","DC-TOR","Toronto Distribution Center","Toronto","ON",43.6532,-79.3832,29157,906,27,0,2,233.9,2265,"NORMAL"
19,"2025-02-10","DC-ATL","Atlanta Distribution Center","Atlanta","GA",33.7537,-84.3863,36152,844,20.7,0.25,3,329.2,2110,"AT_RISK"
25,"2025-03-24","DC-NYC","New York Distribution Center","Brooklyn","NY",40.6501,-74.0139,48062,1464,11.4,0.3,2,240,3660,"AT_RISK"
90,"2026-06-22","DC-NYC","New York Distribution Center","Brooklyn","NY",40.6501,-74.0139,49422,1902,26.9,0.18,2,181.1,4755,"ELEVATED"
11,"2024-12-16","DC-NYC","New York Distribution Center","Brooklyn","NY",40.6501,-74.0139,44402,1142,22,0.3,1,240.1,2855,"AT_RISK"
28,"2025-04-14","DC-TOR","Toronto Distribution Center","Toronto","ON",43.6532,-79.3832,30464,801,15,0.3,4,297.2,2003,"AT_RISK"
10,"2024-12-09","DC-TOR","Toronto Distribution Center","Toronto","ON",43.6532,-79.3832,25286,582,12.3,0.3,2,328.1,1455,"AT_RISK"
64,"2025-12-22","DC-DAL","Dallas Distribution Center","Dallas","TX",32.7767,-96.797,36908,867,17,0,3,266.9,2168,"NORMAL"
5,"2024-11-04","DC-DAL","Dallas Distribution Center","Dallas","TX",32.7767,-96.797,28522,935,15.3,0.25,5,208.6,2338,"AT_RISK"
93,"2026-07-13","DC-SEA","Seattle Distribution Center","Seattle","WA",47.6062,-122.3321,21073,1168,10.5,0.12,1,151.9,2920,"ELEVATED"
39,"2025-06-30","DC-DAL","Dallas Distribution Center","Dallas","TX",32.7767,-96.797,33723,1358,24.3,0.25,5,152,3395,"AT_RISK"
41,"2025-07-14","DC-TOR","Toronto Distribution Center","Toronto","ON",43.6532,-79.3832,30801,950,16.9,0.15,3,201.6,2375,"ELEVATED"
6,"2024-11-11","DC-DAL","Dallas Distribution Center","Dallas","TX",32.7767,-96.797,29411,904,25.2,0.25,5,191.8,2260,"AT_RISK"
103,"2026-09-21","DC-SEA","Seattle Distribution Center","Seattle","WA",47.6062,-122.3321,21946,1003,14,0,2,146.7,2508,"NORMAL"
60,"2025-11-24","DC-TOR","Toronto Distribution Center","Toronto","ON",43.6532,-79.3832,29572,640,12,0,2,302.7,1600,"NORMAL"
80,"2026-04-13","DC-NYC","New York Distribution Center","Brooklyn","NY",40.6501,-74.0139,55050,1662,13.9,0.18,2,219.1,4155,"ELEVATED"
40,"2025-07-07","DC-TOR","Toronto Distribution Center","Toronto","ON",43.6532,-79.3832,29679,975,12.2,0.15,2,223.7,2438,"ELEVATED"
94,"2026-07-20","DC-NYC","New York Distribution Center","Brooklyn","NY",40.6501,-74.0139,52600,1990,26,0,2,177.3,4975,"NORMAL"
103,"2026-09-21","DC-NYC","New York Distribution Center","Brooklyn","NY",40.6501,-74.0139,43288,1634,24,0,1,200.9,4085,"NORMAL"
87,"2026-06-01","DC-DAL","Dallas Distribution Center","Dallas","TX",32.7767,-96.797,37675,1353,14.3,0.12,4,182.8,3383,"ELEVATED"
74,"2026-03-02","DC-SEA","Seattle Distribution Center","Seattle","WA",47.6062,-122.3321,23549,832,18.6,0.18,2,233.3,2080,"ELEVATED"
55,"2025-10-20","DC-SEA","Seattle Distribution Center","Seattle","WA",47.6062,-122.3321,18286,861,24.4,0.15,1,174.4,2153,"ELEVATED"
20,"2025-02-17","DC-SEA","Seattle Distribution Center","Seattle","WA",47.6062,-122.3321,23573,772,13.5,0.25,1,205.4,1930,"AT_RISK"
22,"2025-03-03","DC-CHI","Chicago Distribution Center","Chicago","IL",41.8525,-87.6514,47254,1163,18.9,0.25,1,286.5,2908,"AT_RISK"
67,"2026-01-12","DC-SEA","Seattle Distribution Center","Seattle","WA",47.6062,-122.3321,25173,736,16,0,2,270.4,1840,"NORMAL"
75,"2026-03-09","DC-ATL","Atlanta Distribution Center","Atlanta","GA",33.7537,-84.3863,43674,1001,10,0,3,319.5,2503,"NORMAL"
51,"2025-09-22","DC-NYC","New York Distribution Center","Brooklyn","NY",40.6501,-74.0139,39025,1578,24.4,0.15,1,183.1,3945,"ELEVATED"
103,"2026-09-21","DC-TOR","Toronto Distribution Center","Toronto","ON",43.6532,-79.3832,28786,816,12,0,3,226.7,2040,"NORMAL"
41,"2025-07-14","DC-SEA","Seattle Distribution Center","Seattle","WA",47.6062,-122.3321,25623,1182,25.4,0.15,1,132.5,2955,"ELEVATED"
83,"2026-05-04","DC-CHI","Chicago Distribution Center","Chicago","IL",41.8525,-87.6514,55843,1555,16,0,2,237.4,3888,"NORMAL"
93,"2026-07-13","DC-CHI","Chicago Distribution Center","Chicago","IL",41.8525,-87.6514,43085,1665,14.3,0.12,2,177.2,4163,"ELEVATED"
48,"2025-09-01","DC-ATL","Atlanta Distribution Center","Atlanta","GA",33.7537,-84.3863,31615,1160,16.9,0.15,3,207.8,2900,"ELEVATED"
27,"2025-04-07","DC-SEA","Seattle Distribution Center","Seattle","WA",47.6062,-122.3321,22912,965,21.6,0.25,2,205.8,2413,"AT_RISK"
30,"2025-04-28","DC-SEA","Seattle Distribution Center","Seattle","WA",47.6062,-122.3321,27043,1027,15.3,0.25,1,167.5,2568,"AT_RISK"
3,"2024-10-21","DC-TOR","Toronto Distribution Center","Toronto","ON",43.6532,-79.3832,23974,705,16.2,0.25,3,240.9,1763,"AT_RISK"
42,"2025-07-21","DC-DAL","Dallas Distribution Center","Dallas","TX",32.7767,-96.797,32355,1389,16,0.15,4,158.7,3473,"ELEVATED"
60,"2025-11-24","DC-DAL","Dallas Distribution Center","Dallas","TX",32.7767,-96.797,33796,923,26,0,3,229.5,2308,"NORMAL"
48,"2025-09-01","DC-TOR","Toronto Distribution Center","Toronto","ON",43.6532,-79.3832,24825,861,9.4,0.15,2,214.9,2153,"ELEVATED"
101,"2026-09-07","DC-NYC","New York Distribution Center","Brooklyn","NY",40.6501,-74.0139,45067,1774,28,0,1,184.7,4435,"NORMAL"
13,"2024-12-30","DC-DAL","Dallas Distribution Center","Dallas","TX",32.7767,-96.797,30959,823,24.3,0.25,5,252.9,2058,"AT_RISK"
36,"2025-06-09","DC-DAL","Dallas Distribution Center","Dallas","TX",32.7767,-96.797,31375,1344,13.5,0.25,5,180.5,3360,"AT_RISK"
49,"2025-09-08","DC-ATL","Atlanta Distribution Center","Atlanta","GA",33.7537,-84.3863,29798,1154,21.6,0.15,3,193.7,2885,"ELEVATED"
25,"2025-03-24","DC-DAL","Dallas Distribution Center","Dallas","TX",32.7767,-96.797,38159,1053,18,0.25,3,228.6,2633,"AT_RISK"
38,"2025-06-23","DC-CHI","Chicago Distribution Center","Chicago","IL",41.8525,-87.6514,42738,1646,22.5,0.25,1,178.5,4115,"AT_RISK"
77,"2026-03-23","DC-TOR","Toronto Distribution Center","Toronto","ON",43.6532,-79.3832,30552,764,10.2,0.18,3,307,1910,"ELEVATED"
42,"2025-07-21","DC-ATL","Atlanta Distribution Center","Atlanta","GA",33.7537,-84.3863,36163,1312,23.5,0.15,3,197.9,3280,"ELEVATED"
75,"2026-03-09","DC-DAL","Dallas Distribution Center","Dallas","TX",32.7767,-96.797,37815,1052,30,0,3,246.2,2630,"NORMAL"
58,"2025-11-10","DC-SEA","Seattle Distribution Center","Seattle","WA",47.6062,-122.3321,23391,813,21,0,1,228,2033,"NORMAL"
4,"2024-10-28","DC-SEA","Seattle Distribution Center","Seattle","WA",47.6062,-122.3321,21572,809,21.6,0.25,1,171.7,2023,"AT_RISK"
24,"2025-03-17","DC-TOR","Toronto Distribution Center","Toronto","ON",43.6532,-79.3832,30731,709,24.6,0.3,4,335.7,1773,"AT_RISK"
27,"2025-04-07","DC-TOR","Toronto Distribution Center","Toronto","ON",43.6532,-79.3832,30311,767,15,0.3,4,277.9,1918,"AT_RISK"
6,"2024-11-11","DC-SEA","Seattle Distribution Center","Seattle","WA",47.6062,-122.3321,22043,748,13.5,0.25,1,205.1,1870,"AT_RISK"
3,"2024-10-21","DC-ATL","Atlanta Distribution Center","Atlanta","GA",33.7537,-84.3863,27278,937,10.8,0.25,4,227.4,2343,"AT_RISK"
81,"2026-04-20","DC-SEA","Seattle Distribution Center","Seattle","WA",47.6062,-122.3321,26068,1022,15.8,0.18,2,166.8,2555,"ELEVATED"
56,"2025-10-27","DC-TOR","Toronto Distribution Center","Toronto","ON",43.6532,-79.3832,23546,674,18.8,0.15,2,253,1685,"ELEVATED"
63,"2025-12-15","DC-CHI","Chicago Distribution Center","Chicago","IL",41.8525,-87.6514,45132,1054,13,0,2,333.8,2635,"NORMAL"
49,"2025-09-08","DC-SEA","Seattle Distribution Center","Seattle","WA",47.6062,-122.3321,19151,992,19.8,0.35,1,135.6,2480,"AT_RISK"
30,"2025-04-28","DC-DAL","Dallas Distribution Center","Dallas","TX",32.7767,-96.797,37771,1219,18.9,0.25,3,205.9,3048,"AT_RISK"
38,"2025-06-23","DC-ATL","Atlanta Distribution Center","Atlanta","GA",33.7537,-84.3863,32553,1261,9,0.25,3,197.8,3153,"AT_RISK"
89,"2026-06-15","DC-NYC","New York Distribution Center","Brooklyn","NY",40.6501,-74.0139,50207,1926,22.3,0.18,2,169.4,4815,"ELEVATED"
71,"2026-02-09","DC-DAL","Dallas Distribution Center","Dallas","TX",32.7767,-96.797,36253,929,17,0,4,300.2,2323,"NORMAL"
60,"2025-11-24","DC-CHI","Chicago Distribution Center","Chicago","IL",41.8525,-87.6514,47442,1096,27,0,1,273.2,2740,"NORMAL"
19,"2025-02-10","DC-NYC","New York Distribution Center","Brooklyn","NY",40.6501,-74.0139,48405,1203,25.5,0.3,1,262.8,3008,"AT_RISK"
73,"2026-02-23","DC-DAL","Dallas Distribution Center","Dallas","TX",32.7767,-96.797,38824,1002,27,0,3,277.1,2505,"NORMAL"
3,"2024-10-21","DC-CHI","Chicago Distribution Center","Chicago","IL",41.8525,-87.6514,35291,1195,15.3,0.25,1,202.6,2988,"AT_RISK"
10,"2024-12-09","DC-ATL","Atlanta Distribution Center","Atlanta","GA",33.7537,-84.3863,23150,754,11.7,0.55,6,216.6,1885,"CRITICAL"
70,"2026-02-02","DC-ATL","Atlanta Distribution Center","Atlanta","GA",33.7537,-84.3863,39417,846,22,0,3,341.2,2115,"NORMAL"
54,"2025-10-13","DC-DAL","Dallas Distribution Center","Dallas","TX",32.7767,-96.797,22401,979,18.4,0.5,6,137.7,2448,"CRITICAL"
89,"2026-06-15","DC-SEA","Seattle Distribution Center","Seattle","WA",47.6062,-122.3321,25490,1129,13,0.18,2,163.3,2823,"ELEVATED"
85,"2026-05-18","DC-SEA","Seattle Distribution Center","Seattle","WA",47.6062,-122.3321,24115,1112,27.8,0.18,2,150.8,2780,"ELEVATED"
89,"2026-06-15","DC-ATL","Atlanta Distribution Center","Atlanta","GA",33.7537,-84.3863,37604,1349,27,0,4,198.9,3373,"NORMAL"
102,"2026-09-14","DC-ATL","Atlanta Distribution Center","Atlanta","GA",33.7537,-84.3863,34427,1156,21,0,4,224.4,2890,"NORMAL"
65,"2025-12-29","DC-NYC","New York Distribution Center","Brooklyn","NY",40.6501,-74.0139,51376,1191,20,0,1,320.9,2978,"NORMAL"
51,"2025-09-22","DC-TOR","Toronto Distribution Center","Toronto","ON",43.6532,-79.3832,24306,803,13.2,0.15,2,246.4,2008,"ELEVATED"
20,"2025-02-17","DC-NYC","New York Distribution Center","Brooklyn","NY",40.6501,-74.0139,50689,1264,12.3,0.3,1,266.4,3160,"AT_RISK"
29,"2025-04-21","DC-CHI","Chicago Distribution Center","Chicago","IL",41.8525,-87.6514,48096,1415,14.4,0.25,1,250.5,3538,"AT_RISK"
84,"2026-05-11","DC-NYC","New York Distribution Center","Brooklyn","NY",40.6501,-74.0139,49617,1780,10.2,0.18,1,210.8,4450,"ELEVATED"
83,"2026-05-04","DC-SEA","Seattle Distribution Center","Seattle","WA",47.6062,-122.3321,28631,1066,10.2,0.18,1,167.4,2665,"ELEVATED"
42,"2025-07-21","DC-TOR","Toronto Distribution Center","Toronto","ON",43.6532,-79.3832,28237,977,20.7,0.15,2,190.3,2443,"ELEVATED"
96,"2026-08-03","DC-CHI","Chicago Distribution Center","Chicago","IL",41.8525,-87.6514,39991,1540,15.8,0.3,1,161.6,3850,"AT_RISK"
65,"2025-12-29","DC-SEA","Seattle Distribution Center","Seattle","WA",47.6062,-122.3321,28061,727,20,0,1,237.5,1818,"NORMAL"
93,"2026-07-13","DC-ATL","Atlanta Distribution Center","Atlanta","GA",33.7537,-84.3863,38981,1356,29,0,3,190.8,3390,"NORMAL"
23,"2025-03-10","DC-NYC","New York Distribution Center","Brooklyn","NY",40.6501,-74.0139,48009,1351,9.2,0.4,1,245.2,3378,"CRITICAL"
86,"2026-05-25","DC-DAL","Dallas Distribution Center","Dallas","TX",32.7767,-96.797,35999,1360,24,0,4,205.8,3400,"NORMAL"
26,"2025-03-31","DC-SEA","Seattle Distribution Center","Seattle","WA",47.6062,-122.3321,27382,932,17.1,0.25,1,207.1,2330,"AT_RISK"
36,"2025-06-09","DC-TOR","Toronto Distribution Center","Toronto","ON",43.6532,-79.3832,30449,942,11.7,0.25,2,203.1,2355,"AT_RISK"
81,"2026-04-20","DC-DAL","Dallas Distribution Center","Dallas","TX",32.7767,-96.797,37064,1263,30,0,3,234.7,3158,"NORMAL"
61,"2025-12-01","DC-DAL","Dallas Distribution Center","Dallas","TX",32.7767,-96.797,36498,891,15,0,3,280.4,2228,"NORMAL"
88,"2026-06-08","DC-ATL","Atlanta Distribution Center","Atlanta","GA",33.7537,-84.3863,41893,1344,12,0,4,218.4,3360,"NORMAL"
57,"2025-11-03","DC-CHI","Chicago Distribution Center","Chicago","IL",41.8525,-87.6514,43965,1174,27,0,2,265.6,2935,"NORMAL"
102,"2026-09-14","DC-CHI","Chicago Distribution Center","Chicago","IL",41.8525,-87.6514,44386,1443,13,0,2,220.9,3608,"NORMAL"
